tx_hash,tx_id,shard_id,completion_type,success,send_time,completion_time,latency_ms,block_number,created_at
0x1264e391d66114de3e3b8bd92aae5b37b38246aea576d7592489d2d857470aad,0x87edf3dd4e801e7b3cb75004f4b907d073bb7c7061080ccab9721fc5a3dc59d7,0,2,false,,1775639249000,,69,1775639252645
0xc6b3c8c70f11ce8f539270c8970d55c4f46e37f06b27b02af9a5abe95a21bd54,0xb06607235a9ea9464a4cb3f4be749301fb12f050d8fd945c822c90a61f1efe7a,0,2,false,,1775639249000,,69,1775639252675
0x34e3da0b576fda1a3da0f410310c23e082e288daaf8a2d414e9169856e0564d5,0x2d4caf1e013e6e44dd7aaef5f84becc6c5740c59310146d9a733c5e5d23238e4,0,2,false,,1775639249000,,69,1775639252683
0x3726cc9ddc583a40fe75102dffaac5371453c06e5e1a6360b0d8af84a0b4bc6d,0x4703e5747ca3f811e24eb7c5ecfa89ae1464e2dc89888d0637dc80f5a02f9e18,0,2,false,,1775639249000,,69,1775639252692
0xe436effe278adde28207981e5f88d63eea702021fb974b7e9d3b6f6490a662de,0x0b9cd9e7fd3b3e040d0358b8d991e90ee41b470912f170abb22ba668d31ae7c7,0,2,false,,1775639249000,,69,1775639252738
0x02d1dfecc12f98e0f4d34e57579e6fa6889140aa84ab5aa4c24ef229dc2e0748,0xa985b2d26ee5c7bc37edba82b0b23984e906dfda9e1eb25e49c15173aab58518,0,2,false,,1775639249000,,69,1775639252746
0xe0dd45800940e5a24691ca50850a7bf4f9ac8e802172ffcb3290eaa1f53dd04f,0xfb9e855b5a6f0c92fc472c40b8bc9e6724cc947be6b6446c478fe326e1597294,0,2,false,,1775639249000,,69,1775639252767
0xf53bf80ddac3f06e384f8d2f35c43bfa042000c1dc35802e76db762e936f641d,0xa0e28185d8a30ae8aa56cc3984e944952399bf0f451bf94d8bbca33a9f1211f8,0,2,false,,1775639249000,,69,1775639252776
0x17aad0e6ce82e5229d5a7c786c9c16c3a4b6e0dc8cbacaf3d9f53943331d6592,0xef3378daf9a2fcb91ad61d071b16a75fb3e78d7b0deb798a0b3abf7b2e100303,0,2,false,,1775639249000,,69,1775639252783
0x065b765ac62b5a86e31b88c5b260cf9f4b09eec28ecaae355c6ab654c451e4b2,0x64936365a7ab5fc9f6e46420879c65c98a1b8da0ca09690151ee40d9f8b55802,0,2,false,,1775639249000,,69,1775639252794
0xadd1ba27372b45c3f277f99153d211c425f32c466374ab7293790632d3be1568,0xc0cd6bc9c026abba360f7bb92242e05c7cd2b92cb32316a8c5212535fcc71f04,0,2,false,,1775639249000,,69,1775639252806
0xdf48eeb1e5a71e161effad52815c4b511356ad6e306603a704be47b51ef297c1,0xe611e70cd87353b2748faf0a7339aae3f4cff5d1f796cb5c34bc65608ba989d6,0,2,false,,1775639249000,,69,1775639252829
0x2dcb226854bda2716466e1233db3b1f57cab9d348a3050e45ce88b5b6d7d5441,0x5ba4e4787869af71afb994fee872cacbda22c20d45118ecf9f940994178dee4c,0,2,false,,1775639249000,,69,1775639252864
0xeaab2df706e41446bd4d5a8f279f7a1c0a3cbda1025a2d5b4f34f89781cf91c8,0x628e00f9fe733e6c2b29194403c0b32c8bf96dfd7be39c60d34272981638f9f7,0,2,false,,1775639249000,,69,1775639252872
0xbd4e6ceea3a5e9c54826a9b2c8c9908aa19e13886bbddb331a7556482da9e142,0x8f87593fd3e53456099d238135a74f0c0f31530df1878a541de6d93ccc3646df,0,2,false,,1775639249000,,69,1775639252879
0x0ca76c9323c889fd560425bad3c12c3ee68de790a64e7492feccd97c7c78e624,0x0c64e1ade9514b0298e64640c92e0afd43479f7571d56949250e5b84f90647a4,0,2,false,,1775639249000,,69,1775639252887
0x336c6399c5e1261f4f3417d506e227d6bd996fa92e95765d2d7c9e4c187fcbfa,0x7f85a228dcaef0fae1c8505758928f8c55a84ef21fe3d650098fb3afe2022224,0,2,false,,1775639249000,,69,1775639252894
0xbb0b88d825e6ca3abfe9edcc5f7d78f33b3ffce6944ebf9472716cf6de1ed69e,0xeff30c43662244e16649691bccbb497fe2feebdf21053b0ec71c13f47a1a230d,0,2,false,,1775639249000,,69,1775639252902
0xf4efa94047263da64e2000bf5e7be17183bcf6f5d6573d31a0116fb805b0d5b1,0x5a51d055275ac07e2887559fc65e1f1ded9bc7c38f3d54fdfd354fb836be617f,0,2,false,,1775639249000,,69,1775639252924
0x0b8cbbdd1259036de4d6475adfd38e617f8c727dafe620e60332bc6893d71752,0x9ec3287fbec045421eb92681bbea06080415d49984783e423a656ab07d766544,0,2,false,,1775639249000,,69,1775639252937
0x647aa00504785b51f85053e5bd1e708312e2b3072996c9ec05ca3d77b673d0f8,0xdf44ecd69184b73693be420d552cdf6281582226eadc22d68b85e8dea25a0213,0,2,false,,1775639249000,,69,1775639252948
0xd9332fe662f2de42972d10f5f80d24809b731cb7a52b8fec322d367cf84255cb,0xb51be2b50f238d937db9636fe44d2efe6364a124b0d94a005aa54cc23f18718f,0,2,false,,1775639249000,,69,1775639252969
0xe210bc8a79fdba3baea3ba3890b74302068401e9ab9d59e2ee43d01fd3a6721a,0xfb28fd5dacddc4e2fbdd2e1c42434427b43db306ff2278740082d993f62c27b1,0,2,false,,1775639249000,,69,1775639252979
0xd1cf53db65af312bb12d7b17d7c36ed81eff86987eeab60dd26c626c8d510bf6,0x13d52d2612c7a55b81233af0512807a360619334d79324e6c39c59e96ed8ad1e,0,2,false,,1775639249000,,69,1775639252991
0x5d29aa980dd4486214fa5b0ace34916e81969e63bb6d3d37b4117465abd4644b,0x45da8e54f56a1039252e83042d0797a6a00f16f72c402d94ddad2e4660c2e32a,0,2,false,,1775639249000,,69,1775639253001
0x5a29c904594465c983bf2eb70a67d05e991364b011575edb9da1da8356b70257,0x9002aa4a54858a1380e3f493e1f0b184876b36558807c4974b24164747d381c0,0,2,false,,1775639249000,,69,1775639253009
0xc66f8260c17def2bf7d69f38f1b7377a21947738cb5332bfd5ce064800eec1b5,0x59277615df32f55d204f9c1cd13ed7420eab46395addba532723d9387f818b2d,0,2,false,,1775639249000,,69,1775639253019
0xa8a4a4b6e225aa2eb17c7e217a59794a6f7758e9b7824f4279076f62102793ec,0x46b60837b0c8c662c744c365e55b61a503bbf626bb1148b5fa9c8ec2b191bcf2,0,2,false,,1775639249000,,69,1775639253028
0x69e84eff3ce7ccfbe5f66cec0e0470678955216ed4dca2614cd3fd22c0ce1174,0xba38d497d172d852ab1e125420ff27878df129a7b4294d9cc948cd7f5dc1424a,0,2,false,,1775639249000,,69,1775639253036
0xdef15f93667511482476f222acdf37699f6584caca407d69b22cfa3686dfabcf,0xc852cc7b008d8783e6641f8cf181333506a9fea14f0f7360d1ba289d94bccd2a,0,2,false,,1775639249000,,69,1775639253046
0xc914251e7cb625107feff94a21871cdcb41b9291a8801908d9ee009d6454c492,0x0d5e16ba92ed26dce6cf1b1fa1b01fa46f44e10e85529f68b9f4e09be705eaee,0,2,false,,1775639249000,,69,1775639253056
0x9cf0b298b7f755ed7f59ca4cd62e7e4afce3c2245872cc01befc82ca3e4c0685,0xfbdbe81f3da06490dcabd8825affdc2ec592b61577e65ac9f113de718b2626bb,0,2,false,,1775639249000,,69,1775639253076
0x58de3c87bf42a1ab3438d3748d52e418c24b513a3c334794477858109915b8b6,0x2f69736c0dc62928455575006a04b033077b9a45a08d443cfa4092767942052d,0,2,false,,1775639249000,,69,1775639253089
0x272a9a490ba48c92a16c38b3101ae2f9243af5cdea8edd7e6ad9a91b14139397,0x0942b701baad675e3da58f2f05ef1b8a3a623469c156d0a9e0e04743627694ee,0,2,false,,1775639249000,,69,1775639253099
0xf2e834e358720e52d301404bc0d4ce3d078e8f26cc2e4d17e2455485ff330e29,0x50f0867ad49f336f9e397fe43920ba364d44b42ad3b7c7645981c279c4dfe534,0,2,false,,1775639249000,,69,1775639253111
0x4347ac89ab595431d6a4ed468cd53ef13969768d5e275ee0f588d234e65dc330,0xa90c3a7a1519e4a32f0cd237fe1cadac9d6004a4b6ace4224b16349a30d51e8e,0,2,false,,1775639249000,,69,1775639253124
0xd799f5e4d6acc265a2d26c29ce013baddfa09b1832284ba13afa811e88776bbe,0x595d2f1356c99c78f5d94f9b73570c5568d6b4296266724be743e3f1633e2db8,0,2,false,,1775639249000,,69,1775639253139
0x00311edea9f1a28ea09945da38e438fcc5c438c8e21c58894d9ff66039d86a13,0x862b458537fd748027a37193dd92376a562b70ca8e0410a5697734038693197e,0,2,false,,1775639249000,,69,1775639253148
0x51cb50e85b00686df6a378137ca9033f6849e80d9db78149a91fd4263a991396,0xd9d2206b944fb8f07856f097bf93d69ae06e209d1fe8421f29d432e64959a7b4,0,2,false,,1775639249000,,69,1775639253160
0x5b2f4600696f149dc50388fb98633b79dd15bff640e614dda20196d3dcefd13e,0x93f40803712093b0628256f42a928ec084973d9e65cd270208a4f3e4310b6972,0,2,false,,1775639249000,,69,1775639253171
0xccfb583e0ac7408ac1024ffe28732cdf1e48bc9204d292d2d8bfa9fc85999a94,0x73f870dc1642b1ac62e6d360202c5b0e0e3910138be7ef0551515f2ddf3253d5,0,2,false,,1775639249000,,69,1775639253185
0x66276df522284b50e6edd7393fd96d43684616c194e18c2ceb0d4c00af711ec7,0x48706cdb3008439d2d2fb4a6a300e2def57a1d2eae01857b424a811f088aa6ee,0,2,false,,1775639249000,,69,1775639253202
0x9fab1c425b812c581dc3ba77f3e74241561db29a5c9093b83d3c7a39b5b2cb23,0x61ca2f8382dbd1574da0ff7faa578a3c734b1da53fc00e4fce5daf359868ffe4,0,2,false,,1775639249000,,69,1775639253225
0x61f087e503121a9a89e08e33bde86f7f9557a2aee2b16d501ea3201c91aae910,0x9742f140295eba8818b482b55cabfbf442b9cdedb041deef9060bdebcf6207ed,0,2,false,,1775639249000,,69,1775639253235
0xc0bd304c3893cc3970c97e19c298eda5d21f579ddc956348f32148474086f51a,0x53ac5c621b1e91f5eeb07fa9b48f704e5e62dfac02706d52b46009d50bfd054b,0,2,false,,1775639249000,,69,1775639253244
0x1fc41bdd9305d393849795ddfe90d31d6e0677cd052a206a843d551b72562765,0x9d0e2a2ceea6ddc36105ad052e2eb9f8c098f0976c2e495d4d48096a5bcb3bb6,0,2,false,,1775639249000,,69,1775639253253
0xe51709e8b93f2827fd06af9217cfbb4ca99934e58be8f2ee78d586e525ebf427,0xee194fb04828f55e23f9ad44d910e358ac9f56932a642f42f42e7ae1c677fff9,0,2,false,,1775639249000,,69,1775639253261
0x17f684b38db599a8786910d51ffe73fe09b1467bef5ca1ea3c27d7170e27e26b,0xd3c29106dcc7148cd7db325004b8959eb4dd39e2875a92ec7fd0f556cdf5a1f5,0,2,false,,1775639249000,,69,1775639253268
0x6f568b6f38817328d560b36302b00a6b6719944c5bf5a18b8bc2e23b2d2a28c4,0x22cd126bab8000f526bea0d6b8febe5550334a36e4d4258e2d164b6c57bc850b,0,2,false,,1775639249000,,69,1775639253275
0xec16167f1f0e80f4054e75c0adf22c6b7ffc6ac60092d14192ad8acb2f752b2b,0x001982198ea0039dcb5825542bdc0bc728258993c51ca61ac6d48718c6780e9d,0,1,true,,1775639255000,,73,1775639256652
