tx_hash,tx_id,shard_id,completion_type,success,send_time,completion_time,latency_ms,block_number,created_at,event_name
0x26bb055e5d5d69b8fa28c528982cdc261a3f399e4a8f93ab969ddd4b006c9f35,0xf8daed64afe3740f1f47899274f111d288e3ec0317911f5939fc28ecd9d965a7,0,3,false,,1776758547000,,87,1776758549947,NftChainspaceIntentFinalized
0x40f89fb6bda576403c80e7b6bd85177991101759368a2f52b0816e05edc41722,0xaf091c9351ea85e65c36d4486048a197db51de5eb274a0aead8db2b1fcaec53a,0,3,false,,1776758547000,,87,1776758549964,NftChainspaceIntentFinalized
0x9411a23ccf7391cbf64dde444f2494fd547b28ce75e004d7fbe2df48c2f7fe9b,0x3361219bf66a19a92d730bea94ddb450743f3bd115a2b0ca5a4cceea3f211177,0,3,false,,1776758547000,,87,1776758549978,NftChainspaceIntentFinalized
0xdacf8ee6f8b21429a5aed6c1ba714f37ef7569822a59b49eeb29365aff959bf7,0xd76f6469daa11215cfa4795708da73220c86e010efcfc197cd3075b8749f6af6,0,3,false,,1776758547000,,87,1776758549991,NftChainspaceIntentFinalized
0x10a75dfbc356e2b8062779917f1ea656aed88756fbc43fa8c9febfb63090efa1,0x10bed8c8c596aad7537548b091840f0e7debd039ae74d61478c78c56ec5680bf,0,3,false,,1776758547000,,87,1776758550006,NftChainspaceIntentFinalized
0xf6d8d73f3d744cfc6a28311a5f892cfbab1be7730e1012d06ee6d22aebb6f9f2,0x8d74931c27f93ebe6af9c6b561c118a5325e573da1010558317938648b80f7d4,0,3,false,,1776758547000,,87,1776758550020,NftChainspaceIntentFinalized
0xca3ecd847261bc3b699078ef84d358f293caf266d7ca4681bfc4b786f9509be4,0x1ec855909b5bd19867d5629d69550617ebcbb513d3f6abe59e4a427d26eaacfc,0,3,false,,1776758547000,,87,1776758550037,NftChainspaceIntentFinalized
0x5f4eb329f636807bacf04c962347111f3c8def87bbb157a8ce685cdc46d58bbb,0x5a34788b125bfe59f65d80bc3d329914701983e3a1f510df3099f60312d529d6,0,3,false,,1776758547000,,87,1776758550050,NftChainspaceIntentFinalized
0x0b7c861840923b7dd2fbcd226590892783fee2c69587821b6659841adbd028e3,0x97778facf9e56b4239e8631f603a235dc7b07079d6195e44ec8ec82ebe8af7da,0,3,false,,1776758547000,,87,1776758550063,NftChainspaceIntentFinalized
0x52dd0a6cfb866347e748421f20bb522e0aed73861b751bbd882b0814adf5bb2b,0xf86b55595f49816706a574438c0b7f037aa9873c261013654f4186cfa1207161,0,3,false,,1776758547000,,87,1776758550076,NftChainspaceIntentFinalized
0x71739a0db2a674cb306b730707cf77936e214a70cfcfed98798258c352c69943,0x69c7e98f48454135175560120bc511c74394c44e1dd5fe44304aacab0220fc9b,0,3,false,,1776758547000,,87,1776758550089,NftChainspaceIntentFinalized
0xa9ba31f07a2a15852e94eb880508cd4c8ad1adde82b52f45641e496bcd1f92b4,0xb4fac8bd1e5f2b9bec881e3fb4d51330d0d9b0c6b9a7a815c69e54477d11d548,0,3,false,,1776758549000,,88,1776758551854,NftChainspaceIntentFinalized
0xca0a96838a29915c8af69a760e766d7f520d92bf980da5dd6fea90d8f55cee2f,0xbd86b5f723a3a527ef2156955afd926db04f65756e622c6477ca7d9daeedba87,0,3,false,,1776758549000,,88,1776758551864,NftChainspaceIntentFinalized
0x102621d4d38ec8f3aa04494ed484a5161fca9aae5ea4cd6fb83f1ef9a98f351b,0xeb6cc85908df8a7454e222abfc85e3da46b270f57ac1d3902dd97f7d8648d16d,0,3,false,,1776758549000,,88,1776758551880,NftChainspaceIntentFinalized
0xf19cdf2e4a577959e907dab01ac5b9434077ad872fb05fdbd978e94c92b0bb53,0xc26215f9b58401867e0426c2b40fce78e1711cf5a763116461da2afc5adea3d7,0,3,false,,1776758549000,,88,1776758551887,NftChainspaceIntentFinalized
0x3ec6452e8806d511f54d151d761c3bf8ec014b00038eaf74a1fe88c2edd737f9,0xefda384aec57616e69ade53c480d5b15191189fa5023fbde4de4c8f443130fe5,0,3,false,,1776758549000,,88,1776758551895,NftChainspaceIntentFinalized
0x5d399ed5c368ab118c4686931c0797c419feeb89d3e57074136ab5b470f6d61e,0x62686af5d7e1a15ae3002874ecfcca936ab2d2d82da407b6ab6eaeba0cf13795,0,3,false,,1776758549000,,88,1776758551903,NftChainspaceIntentFinalized
0xa1d3842f69ddf3a46d736326856466e0bac89234814c47d689aa38251625b25f,0x91f8bdb94a9a15b351e1cec1701f636be1019179ffce0d6b032587bb944c2246,0,3,false,,1776758549000,,88,1776758551911,NftChainspaceIntentFinalized
0xfbbc911d00452a427f0e99e8d81d9def0cd9d9587846fadf04d93e0c98657044,0xe8fff35e538da3ed1923587e0ef865542873b2425ded52cfbacb34f4f097247b,0,3,false,,1776758549000,,88,1776758551921,NftChainspaceIntentFinalized
0xb2d634f16c311124a5d825ab5fa6824790f6220137cab4bea9663c7fcb5d1b13,0x04e1d5e483f01075d0dcbc2f9e2d3897ad873aaf0b316dcd622d14b9ae2ea5e1,0,3,false,,1776758549000,,88,1776758551932,NftChainspaceIntentFinalized
0x96b7cc2ce14238b14deacd03fb5fda604073a0db89379a335d35412854670585,0xba70db682dbc93ecdf9bde4ca4d4f63f4f8de87c3b2503461b38d50542c7598f,0,3,false,,1776758549000,,88,1776758551942,NftChainspaceIntentFinalized
0x514efec892bfc3f49f28748500f7aff15a6b6c94eb05c11612fedb47e6525117,0xdcc832e0fc5aee0ef49ce6711c7afb76195b79b32912c45a4b0c24bcebb3174a,0,1,true,,1776758552000,,89,1776758554030,NftChainspaceIntentFinalized
0x12d44a8b1ed24b4e9ba97ad64868a6ddddc5ff8e5811ea1f590458516121b295,0x3441eee234627ba01e4053676a142c715bac197276969b6d975bad348cd88c21,0,1,true,,1776758552000,,89,1776758554045,NftChainspaceIntentFinalized
0xb60fdaec850c1f1b877fccd377b7e08fbd411041f7a62dc3891f7d8788728e33,0xe6f03c799f72027fa78e616a596618cc0795c12f31511088e731b78a05a2938c,0,1,true,,1776758552000,,89,1776758554061,NftChainspaceIntentFinalized
0xf1735374e40eaf2ae7139b10388a075549d8c1075995abbbc4061ca8577884a1,0x9a580829e50cc3cff1a89b4a3cb21dec7f617999df7249b1e0ea8a6f1efd0264,0,1,true,,1776758552000,,89,1776758554076,NftChainspaceIntentFinalized
0x9ec20b999c510383ea5a997db30cecea5d3cdd62bc43b72ef7e6801f91a79058,0x4f3c56d29346aeca96fadd6729e15a7a19729f008fe61bb87f68fb843346d31d,0,1,true,,1776758552000,,89,1776758554095,NftChainspaceIntentFinalized
0x91aceace8c9ea596a19346f859007b2c91891824d195c8997c21b81bc0771e5a,0x2dc7482331836ac76c204350d22cea018561073c2bd88a690ec6f623c9073b37,0,1,true,,1776758552000,,89,1776758554109,NftChainspaceIntentFinalized
0x186998aa8c6f592b11c3cd145c404d8126a325d6fe69de5d807f412b7cfcbfad,0x821291d36d552d5db87f98cc6cf397ca0e4deac7cbc6b3ae62d6cde711017d68,0,1,true,,1776758552000,,89,1776758554125,NftChainspaceIntentFinalized
0x93c255a398cc6bb47e7a2d24295972e3738b73a9727547c4f612fe768bd7d593,0x320a3591e121f5a44101b491272e81e5cfb00d6f9aea18cadd0b4edccb673f77,0,3,false,,1776758552000,,89,1776758554138,NftChainspaceIntentFinalized
0xdf0205a5ae3d9442b83194b5a7d57b73517c360e88d48d82c8337c2db86efcec,0x5474f47b90a592432a957bbf267affe52a24d09c9dca6c01821bf68fc9039f4a,0,3,false,,1776758552000,,89,1776758554152,NftChainspaceIntentFinalized
0x295780bfea70a8ab66260848dcd63caed898baabdd7a3d55ef7811e1565be404,0x4f10d9cc090cc9c0a343387608074db3d85b8886f4e1c02aa120d5c11e9180d4,0,3,false,,1776758552000,,89,1776758554164,NftChainspaceIntentFinalized
0x5ec523905bc9866f3d34ececc80ac535f775312330d6996b878804deb50664e4,0x28f35780ad977cbc346fdfb0d1d017098066ce6ee1b70078d5e6384b86866efb,0,1,true,,1776758552000,,89,1776758554176,NftChainspaceIntentFinalized
0x98530f118ba0af31705dceb97a6d6ad40af039ec0c616cfe0950e22f776a16d8,0x69b74f4ad57f6d5dd96a54afa8ab92e966981a95e6223ec167d9536d6aa67523,0,3,false,,1776758552000,,89,1776758554193,NftChainspaceIntentFinalized
0xb2f39b0b47eeaa0e9e344554c4935729cc4bcb15dd2e0231697b0fa72382f651,0x65983cd070043ae22b5a05dd5b499bc2a9bcb17286c05db8c7b8bc7461a1f8a8,0,1,true,,1776758552000,,89,1776758554209,NftChainspaceIntentFinalized
0xe1125a3e02e0a841c601feea59b069b0ff137cd1422d6f9ddf3da23dbefd1aac,0x59a6624b5a84f7e13ad1ed4365578641e06ff3cfac5b1bdcc962a44798529164,0,3,false,,1776758552000,,89,1776758554226,NftChainspaceIntentFinalized
0xe31a22cac6f6dc8d481e318261df2a7ebd5a0fb124ea71b755dfe068ec4a9be8,0x3833eb3ef1d62a6523f6790906ba816b12fbe6373dd25450a964d1c74997b6d3,0,1,true,,1776758552000,,89,1776758554241,NftChainspaceIntentFinalized
0x2424be010ad0591b39c104cdae09af3f0a17e07588883f15d3a6bf95b56b26c7,0x866d6fcd3ff091550dcfeee38477664db7a4f77b8b4f855179b76c436cbdcc20,0,3,false,,1776758552000,,89,1776758554259,NftChainspaceIntentFinalized
0x96c364d41e0501971559392da2079f1486caa8fdd49fb1b730728e1445f77483,0xe259ff6224ab5978b189f996ab0b5ff7229009237c3af040e2308d265a80b2d0,0,3,false,,1776758552000,,89,1776758554274,NftChainspaceIntentFinalized
0x32ba6de728c5b189174877839f5830183c4651edce7c663ccc7e8c5bf5e61965,0xbc1f920260e604affa7b2a4c540342a6aee4c98fb0a6bf5afcc507083945f020,0,3,false,,1776758552000,,89,1776758554289,NftChainspaceIntentFinalized
0x5ad10d7696a02487a93716ae1374237e172c900e6acfba6ff4beb2bfd57e3095,0xe0cd4d23f9c5f01dfec3eb9677e950227c974bf924f2cffa75f2de83f1f8211a,0,3,false,,1776758552000,,89,1776758554310,NftChainspaceIntentFinalized
0xd0db520a68f9cb77ad0d37756ebe9ca6bbbe64924920f66dc0d5fd6446a79f49,0xbabefbbcb2f5dbaca8f05f9750e57f6672775347c3b6899ea97c1858d5e8df13,0,3,false,,1776758552000,,89,1776758554325,NftChainspaceIntentFinalized
0x0d1325065dac56b51dc479242d19d748e80d7841d020444dc07a9ac74c6aca6f,0x2940cfbc651c6645765dccb824b42fec0eab5e2e647ff7460992b1c412acfe28,0,3,false,,1776758552000,,89,1776758554339,NftChainspaceIntentFinalized
0x8eba0e041fb9c99a01d26605ef2d14dd9423f0dc6f82a42db1ff3b639c199e1f,0xa4be009e4c1eb4214dbaf776bf7b43d0ceba1835ca49464efac6bd525e89ad80,0,3,false,,1776758552000,,89,1776758554352,NftChainspaceIntentFinalized
0xbc5c023c78d35c5fbde18a8889cd9529c19628757169a383f6f2fd048432ca04,0xd3968db84b6ece689a54556d1bd927ee9583520da3d4b5acbac4fb2ccf796302,0,3,false,,1776758552000,,89,1776758554364,NftChainspaceIntentFinalized
0x89834a8db0411ef7e27ba00967bb96080a82d675669796d0bdddba6c64599a15,0xbc3726feb17475abbdce1fa6d9cc9e505904495208296d508f9eba39702fd990,0,3,false,,1776758552000,,89,1776758554376,NftChainspaceIntentFinalized
0xec51dd3c72d580770f4e6ee4a0e240375569c87a3b721eb36333ca53f99bdc10,0xd4e58a0fb5651998a743c2c42654cd835fc3837d268a76751d8d5635135f011b,0,1,true,,1776758552000,,89,1776758554391,NftChainspaceIntentFinalized
0x49d7aea36bf05a776b4d0776fda056262c4a43b32fc11b61d2b278cc60a8f4ac,0x0d188572ac01f4e6cd2557bae9e2a2b30ccd58d2c8632911beee38f35c06b164,0,3,false,,1776758552000,,89,1776758554406,NftChainspaceIntentFinalized
0xab60fb278a3b66bd110c05875f80f699934e34b81eb76577d39743520822a6aa,0xffb538e40768d0e3585e8cb94fa365c1638d04bb45653c0be6977f9c98a70c34,0,3,false,,1776758552000,,89,1776758554419,NftChainspaceIntentFinalized
0x3b33635cd1510be85a8c018efbd426fdd21dee2ac6d5ccc77ad67d0319ed1c3b,0xea7472d09625eb2e564d9879580018f54eb504fd003872c40177744d5cb93759,0,3,false,,1776758552000,,89,1776758554441,NftChainspaceIntentFinalized
0x9533b6f1375d3f3903192f0ad4130a4581a6476385d97ef79135327741e1066e,0x546c34a5bca7bae48f81c04081dbc0928ac5783c91a4b089183c51441a6d6663,0,3,false,,1776758552000,,90,1776758555819,NftChainspaceIntentFinalized
