block_time,hash,label,sender,target
2026-04-24 04:27:59.000 UTC,0x1c151e6d0846f8b7d31a77bf253a16b8b937c3c3b85a1dfb434728b42021b886,MEV,0x432b2000433a73d0aee984cd22eb47f4208a529f,0x3328f7f4a1d1c57c35df56bbf0c9dcafca309c49
2026-04-24 04:28:11.000 UTC,0xb23b2474733fdd5674ced5cbc6e15002420d14b1ab8bdc79d2b33d4e80b8f961,MEV,0xccbd48e9ecfedd15165c3c6e517e5347593bb805,0x3328f7f4a1d1c57c35df56bbf0c9dcafca309c49
2026-04-24 04:28:35.000 UTC,0x2098a9951ecc0246d2c765124adbb245605fb1a635cd8f5a00726d2634936639,MEV,0xd29c5b4ad9d721996d0c30c3daf65a74c75598e0,0x3328f7f4a1d1c57c35df56bbf0c9dcafca309c49
2026-04-24 04:28:47.000 UTC,0x8a435bbb1103d6ab9d18b5f31b2bb61e13e65d22c2706e6a95c119c8ec6005f8,MEV,0x40c61d3ce6a31c3ab0e507044aa282e90744a814,0x3328f7f4a1d1c57c35df56bbf0c9dcafca309c49
2026-04-24 04:28:59.000 UTC,0xd3e9a62384b8436505e027a53118483ca58ffc551da1849c5989ac71f55fff05,MEV,0x09d390a4d12aab17020d417cdbe7979e63927495,0x3328f7f4a1d1c57c35df56bbf0c9dcafca309c49
2026-04-24 04:29:11.000 UTC,0x5828cc846564fba6a90b49a52b23d6bfeacfecb7723a535bb92fdc38e86c2ae4,MEV,0x36aee1d1e937bd719ae0524522fac570d0233686,0x3328f7f4a1d1c57c35df56bbf0c9dcafca309c49
2026-04-24 04:29:11.000 UTC,0xfa3cf1b94aff4fe8bbab76760a542204dba2804f82165ffd9c3603cec5d54cc4,MEV,0xdfefa7bf8469cae73d4bbe778bced64bd5b7857c,0x3328f7f4a1d1c57c35df56bbf0c9dcafca309c49
2026-04-24 04:29:23.000 UTC,0x2ec0fe9f2997a53731eb5374833a0480c5d331f494d79e34b28ea0ff516e31e2,MEV,0x09d390a4d12aab17020d417cdbe7979e63927495,0x3328f7f4a1d1c57c35df56bbf0c9dcafca309c49
2026-04-24 04:29:35.000 UTC,0x57cba75182ff35809abdd417ea2e1ed90e2fad65a817520cb16fa4a7af4b1b49,MEV,0xe92380c0f22c5cc8c43b5ca176166dcd5d251a2c,0x3328f7f4a1d1c57c35df56bbf0c9dcafca309c49
2026-04-24 04:29:47.000 UTC,0xfdacfab523e34c8f3ab3ad2830f02dbdfd4d1558b723fbf6eee780b352a8bbf9,MEV,0xe92380c0f22c5cc8c43b5ca176166dcd5d251a2c,0x3328f7f4a1d1c57c35df56bbf0c9dcafca309c49
2026-04-24 04:30:11.000 UTC,0x7817d2cfcfdbc29a1d8a83176dc37286d5ca7c57fc1f0fe9e6a6cb49f451d7c2,MEV,0xe92380c0f22c5cc8c43b5ca176166dcd5d251a2c,0x3328f7f4a1d1c57c35df56bbf0c9dcafca309c49
2026-04-24 04:30:23.000 UTC,0x99c8b65f3f94ac96d8df2746f3ab63e81c5fe7e823c4227b75bcc7b64b7d4f7a,MEV,0xbe5e57d9c36fcf4412485d8b784f84dcef56fc30,0x3328f7f4a1d1c57c35df56bbf0c9dcafca309c49
2026-04-24 04:30:59.000 UTC,0x3627fa498442e3964c792c81c0cb8597bf3a03a31af5e4c18a63718af5616563,MEV,0xbe5e57d9c36fcf4412485d8b784f84dcef56fc30,0x3328f7f4a1d1c57c35df56bbf0c9dcafca309c49
2026-04-24 04:30:59.000 UTC,0xed4d620ea04a4003870c96dac82451270d044d60ff5e5d2828ec2f880601ab7a,MEV,0xa7cdfc761e0a857720ca55f0cd77d032e893a5e6,0x3328f7f4a1d1c57c35df56bbf0c9dcafca309c49
2026-04-24 04:31:47.000 UTC,0x2330bae3004a2219511ae2590bf413606bc3fa1e34567a1bc025e817da284295,MEV,0xf52555cdbc596bf630c1849de8db20645b416693,0x3328f7f4a1d1c57c35df56bbf0c9dcafca309c49
2026-04-24 04:32:11.000 UTC,0x19c39945882717956c153648733eff80e40c35615219dd034330b1b06aa81de9,MEV,0x2a97bd265b2673a726ada44f5ff16a75269f2855,0x3328f7f4a1d1c57c35df56bbf0c9dcafca309c49
2026-04-24 04:33:35.000 UTC,0xa669993fb7df4f0e7d512aa533708d35b26e8a7d51a851bed05d7e04da1824e3,MEV,0xe6b97c3f46a98e996076313642a1009d2845ef77,0x3328f7f4a1d1c57c35df56bbf0c9dcafca309c49
2026-04-24 04:33:35.000 UTC,0x8f0c351d8fffece4d9a7e25d836064acccbe956a725db66ab6108bd79aaf64aa,MEV,0x71717bc2a7bd4c9788eaabe1fccba104edb3cc98,0x3328f7f4a1d1c57c35df56bbf0c9dcafca309c49
2026-04-24 04:33:47.000 UTC,0x6bea23b8c95d921dd17e78a3c1ee88980e3e7bdc65e761c24dd9643947eb9313,MEV,0x3f10c15514a425f660476a0c949a56a218ef7ed4,0x3328f7f4a1d1c57c35df56bbf0c9dcafca309c49
2026-04-24 04:34:11.000 UTC,0x717ce1f0fa1fffb45be4a51ff3f36d9605ef3cc1e6693636b40d53bf380cc49d,MEV,0xc9d296ceda38348b6af294aeb4db3894c4e43959,0x3328f7f4a1d1c57c35df56bbf0c9dcafca309c49
2026-04-24 04:34:23.000 UTC,0xc4d0a485bfe08bfd7bbee4e4ffe9cf58d70228680f7b14553f400cc02d97119a,MEV,0x46c5307e916acc6f1e5c0f1adba2e526995c73bd,0x3328f7f4a1d1c57c35df56bbf0c9dcafca309c49
2026-04-24 04:34:23.000 UTC,0xd022407f68915ed462ea8662128c6f62925f3a36b4695863c44f8fe26afa8885,MEV,0x8d5c0fb080f75140244d5526d5515cba2d5f0cc0,0x3328f7f4a1d1c57c35df56bbf0c9dcafca309c49
2026-04-24 04:34:23.000 UTC,0x688ccac74bc14a9fba7501da85813a68762b25d1c0208beea5cc8aba5d7e3506,MEV,0xc9d296ceda38348b6af294aeb4db3894c4e43959,0x3328f7f4a1d1c57c35df56bbf0c9dcafca309c49
2026-04-24 04:34:59.000 UTC,0x184ee2470f69ee05d8592978e64866e8b115c096694ff59ce6a4de5b263be5a6,MEV,0x901ad420a2080b10f0fa695f6268ddb48083985e,0x3328f7f4a1d1c57c35df56bbf0c9dcafca309c49
2026-04-24 04:35:11.000 UTC,0x876a6187361bad2a218fda06e031575c047d56848742599d73d63eab897f1f6c,MEV,0xb0cf14222703c6da72c89993fda7d9e5018b0855,0x3328f7f4a1d1c57c35df56bbf0c9dcafca309c49
2026-04-24 04:35:11.000 UTC,0x0d8777fdf0578c6fa7a9e29fd423f435dce82ce6f39cc70d56ba9b36d52970f4,MEV,0xcb4ce655081f706c5145fea5237b01662438b20c,0x3328f7f4a1d1c57c35df56bbf0c9dcafca309c49
2026-04-24 04:35:11.000 UTC,0x8570ac466bf39333483f3eddac30c21729adb7e5faf04432b0c5850a092bd16c,MEV,0x7a9f77627037094dc8a882aa139dc1fcb240008d,0x3328f7f4a1d1c57c35df56bbf0c9dcafca309c49
2026-04-24 04:35:35.000 UTC,0xdd2bb1278322d8e060d0e92dbd9c51b5ff76207cfe0e6f3f683f153926cb7240,MEV,0x3f10c15514a425f660476a0c949a56a218ef7ed4,0x3328f7f4a1d1c57c35df56bbf0c9dcafca309c49
2026-04-24 04:35:47.000 UTC,0xad5fdf4cff7b277299382df94dd2df54406108219ea52d28a13ba20c7e836123,MEV,0xb6031982ec41a2761f9323c1772e05279ecee32b,0x3328f7f4a1d1c57c35df56bbf0c9dcafca309c49
2026-04-24 04:36:35.000 UTC,0xf8985c6c44606359b5ac1680a32af02c68e1091718f18bb0d799c07381b39163,MEV,0xc9d296ceda38348b6af294aeb4db3894c4e43959,0x3328f7f4a1d1c57c35df56bbf0c9dcafca309c49
2026-04-24 04:37:11.000 UTC,0x84acbafa7e405e276442f7f460caffcec7acf4299060515727e03c4a3e0c79b5,MEV,0x0fbad200c8ab024468fcf41179bf74328eadb8b6,0x3328f7f4a1d1c57c35df56bbf0c9dcafca309c49
2026-04-24 04:37:23.000 UTC,0x6a8389d2403dccbac145ed8507aa3f452a50b8d15e2893672796b75c58dc2959,MEV,0xaea7f27ca4a032a01f06fceba39096849076317a,0x3328f7f4a1d1c57c35df56bbf0c9dcafca309c49
2026-04-24 04:37:47.000 UTC,0x2f3a1cc644118322d5c348effc6d53e7ef6c81a325513d23c4deaab8535069fb,MEV,0xaea7f27ca4a032a01f06fceba39096849076317a,0x3328f7f4a1d1c57c35df56bbf0c9dcafca309c49
2026-04-24 04:37:59.000 UTC,0x009d72316c29390bb6cbe1dfe851c89deb6de408972acf7428dc34ae5c29260d,MEV,0xaea7f27ca4a032a01f06fceba39096849076317a,0x3328f7f4a1d1c57c35df56bbf0c9dcafca309c49
2026-04-24 04:38:35.000 UTC,0xc3d5d828a5e35abf5f0f4ef4ec3c8872caba36a06ee718b253046cec27fefa11,MEV,0x058ec4dfc95bab74f5dbe70b254f28486d1ba9aa,0x3328f7f4a1d1c57c35df56bbf0c9dcafca309c49
2026-04-24 04:38:35.000 UTC,0xf9645c1fd1d01519b6a4569fd84c5829d550cc83380021e10c35678019299243,MEV,0x2333f99a98edb7521e1214857811b79f45807e35,0x3328f7f4a1d1c57c35df56bbf0c9dcafca309c49
2026-04-24 04:39:47.000 UTC,0x03f62c3247f5a864741a99df2aee56dc1cb3f2e5d4768ebe4375c63cd99aa252,MEV,0x2333f99a98edb7521e1214857811b79f45807e35,0x3328f7f4a1d1c57c35df56bbf0c9dcafca309c49
2026-04-24 04:40:11.000 UTC,0x1b11ddbcb583525c68b7fd1d382cae67e5a7657f2edc523b71946a22ed94f022,MEV,0xa2e40709f110ba47666ffdaac3dd821d5609d94d,0x3328f7f4a1d1c57c35df56bbf0c9dcafca309c49
2026-04-24 04:40:23.000 UTC,0xd7a99e090eaaca47d2d33ebb7e67bf7b6481861defe0f57d6d34fa8dc19827ea,MEV,0xdf0f1ef01bb8b994efbadec67f1a4eab05651fe7,0x3328f7f4a1d1c57c35df56bbf0c9dcafca309c49
2026-04-24 04:40:47.000 UTC,0x1268500dae0af8c9d267af3b83c9f93211f7be8f99f6c8739364c3119bd69f2d,MEV,0x2333f99a98edb7521e1214857811b79f45807e35,0x3328f7f4a1d1c57c35df56bbf0c9dcafca309c49
2026-04-24 04:41:35.000 UTC,0x6815db3daa49060e0e51dfb356527621fcb673226eecb4ddd0420c0bd1a89139,MEV,0x2333f99a98edb7521e1214857811b79f45807e35,0x3328f7f4a1d1c57c35df56bbf0c9dcafca309c49
2026-04-24 04:41:59.000 UTC,0xe46d8863ed981300a91f82400f7c0ee0a131eb20db756a48c76ba59f4a56c3a2,MEV,0x0f9d86b552be8aa306142805b09dd63340ecfa20,0x3328f7f4a1d1c57c35df56bbf0c9dcafca309c49
2026-04-24 04:41:59.000 UTC,0x02e4025c1c0d9e2d6d35f9f54230ed631f143e72425a7b0a5986bf11bb739b23,MEV,0xdf0f1ef01bb8b994efbadec67f1a4eab05651fe7,0x3328f7f4a1d1c57c35df56bbf0c9dcafca309c49
2026-04-24 04:41:59.000 UTC,0x67f71814922b0255646692c307b8a399c4a3f1aebd61d8e40df7535d3e49e6b8,MEV,0x2333f99a98edb7521e1214857811b79f45807e35,0x3328f7f4a1d1c57c35df56bbf0c9dcafca309c49
2026-04-24 04:42:11.000 UTC,0xdc17c36bf47acdc6bc1205cf1e399ffe2d9f26e575a97ba48c262db2725fb628,MEV,0xd7b9796786bbcddff223faf4cc3ba6019e634459,0x3328f7f4a1d1c57c35df56bbf0c9dcafca309c49
2026-04-24 04:42:11.000 UTC,0x0a28832afde0087890d5cf096782c5a7115d6cb35e4f092c01744452cc7f9fff,MEV,0x98f11d1fd0ce9593748003f2985e3e1dda14f77a,0x3328f7f4a1d1c57c35df56bbf0c9dcafca309c49
2026-04-24 04:42:23.000 UTC,0x3b85a27e62199c0b2fedc348a5d64627729b07fb9fb8fcbebb3eb30e8f392670,MEV,0x0f9d86b552be8aa306142805b09dd63340ecfa20,0x3328f7f4a1d1c57c35df56bbf0c9dcafca309c49
2026-04-24 04:42:23.000 UTC,0x6fbf7ef35592cec1eee1107e94badccaf08df82f207484eff41d58d15369ea1a,MEV,0x432b2000433a73d0aee984cd22eb47f4208a529f,0x3328f7f4a1d1c57c35df56bbf0c9dcafca309c49
2026-04-24 04:42:23.000 UTC,0xcea938d422136d3cf5cfb4c4c19767de73291120c0d07751cb6deb6b7fe434c2,MEV,0x2333f99a98edb7521e1214857811b79f45807e35,0x3328f7f4a1d1c57c35df56bbf0c9dcafca309c49
2026-04-24 04:42:23.000 UTC,0xed821067d254836dfc60f184f70efa88cb28d02eb542682434acfd6efed76f25,MEV,0x058ec4dfc95bab74f5dbe70b254f28486d1ba9aa,0x3328f7f4a1d1c57c35df56bbf0c9dcafca309c49
2026-04-24 04:42:47.000 UTC,0x704cdf401086af24c9e8dba2924ad836ed73fb5aa29e4c7942bfd356ece40cb0,MEV,0x432b2000433a73d0aee984cd22eb47f4208a529f,0x3328f7f4a1d1c57c35df56bbf0c9dcafca309c49
2026-04-24 04:42:59.000 UTC,0xac36a64b4288288eaaa61f5721c58c5320684e42d6c20ec05bb3c5800fe8ef96,MEV,0x11549bc54ed18e70eceaebd74ce0ba32bfc1a102,0x3328f7f4a1d1c57c35df56bbf0c9dcafca309c49
2026-04-24 04:43:11.000 UTC,0x234ae19c45941f190f6430ca45fd539f50953b22869a1e76102e5f3a563a2fc2,MEV,0x058ec4dfc95bab74f5dbe70b254f28486d1ba9aa,0x3328f7f4a1d1c57c35df56bbf0c9dcafca309c49
2026-04-24 04:43:59.000 UTC,0x65166f43b5f696efced1548299d6368f0827af59a3c5eb3397435abb2aa22da1,MEV,0x2333f99a98edb7521e1214857811b79f45807e35,0x3328f7f4a1d1c57c35df56bbf0c9dcafca309c49
2026-04-24 04:44:11.000 UTC,0x3e29db0a68e991a9fd31f8d881a0304822fdadde8ca33c466c5c39603bb080ad,MEV,0xe6b97c3f46a98e996076313642a1009d2845ef77,0x3328f7f4a1d1c57c35df56bbf0c9dcafca309c49
2026-04-24 04:44:23.000 UTC,0x188ea67a136ca6e47fb39425e4ff28d244022474207c3b1ce736536c2ae2525e,MEV,0x2938552e7ff0d70b017b9e02ef557ace28390144,0x3328f7f4a1d1c57c35df56bbf0c9dcafca309c49
2026-04-24 04:44:23.000 UTC,0xfed8c89f016dab1f4fcc3b52b1809a2f988a5a4f134e407af0d7312532064d33,MEV,0x17412b2b513584c382e4e8dc34fc776a41395636,0x3328f7f4a1d1c57c35df56bbf0c9dcafca309c49
2026-04-24 04:44:23.000 UTC,0xc7ce8e7967c3386b7b893d6b1dfe4f01e7c4fcd27fc791892563f571e073bb09,MEV,0xfeca3589bc630835d3c6791b132fc521495a2bc6,0x3328f7f4a1d1c57c35df56bbf0c9dcafca309c49
2026-04-24 04:44:47.000 UTC,0x29d9a14b540f85b02e35bfdf114c2a54f069c86b80babe3a1d95e0527d2e466d,MEV,0xe29d92df8a01d0fa54c87fbc6e4a2dd296b51464,0x3328f7f4a1d1c57c35df56bbf0c9dcafca309c49
2026-04-24 04:44:47.000 UTC,0xa7b671e2515067b7e1d19b8249713c9e55117117c0fb4da8950ecf5bd0790aca,MEV,0x1eacc44b36961f1eb84a9aa4b643327ad0697ab9,0x3328f7f4a1d1c57c35df56bbf0c9dcafca309c49
2026-04-24 04:45:11.000 UTC,0x9f07c9265eaa536207434f02fe780d108a4b5b78554ccc6cda914f093fbcab96,MEV,0x1c1ba34146591f070359e9c587795d8cf4152e3d,0x3328f7f4a1d1c57c35df56bbf0c9dcafca309c49
2026-04-24 04:45:23.000 UTC,0x1de556e60197c10737b131bc6f852edcbfb70435e60f3d9a9e3e09249ebeeb83,MEV,0xbf1e0ca36246b93060d1bcbe18e8bcafd660ca4b,0x3328f7f4a1d1c57c35df56bbf0c9dcafca309c49
2026-04-24 04:45:23.000 UTC,0xbbbea628a8a2fcf07052fc54c6449fc72c74feffd8edd7219458028ed9bc2ed4,MEV,0x085bb0b13c8228201060396ae2892ba7886d9e1b,0x3328f7f4a1d1c57c35df56bbf0c9dcafca309c49
2026-04-24 04:45:23.000 UTC,0x7c309bda307852b737c4c10d381a1298f5be1f8db1096847af06b992afcc273f,MEV,0xe6b97c3f46a98e996076313642a1009d2845ef77,0x3328f7f4a1d1c57c35df56bbf0c9dcafca309c49
2026-04-24 04:45:47.000 UTC,0xe1d43086e223fd51de970f69ced0dc92054e9e28872fa147c3e8c84f8406535e,MEV,0x36aee1d1e937bd719ae0524522fac570d0233686,0x3328f7f4a1d1c57c35df56bbf0c9dcafca309c49
2026-04-24 04:45:47.000 UTC,0x29a9000c5d2d196f017a9547cd745a26e15b62c91929caaba33dcd9d123f8960,MEV,0x0e9f3de11771c85d96c860b01f99539a10dde780,0x3328f7f4a1d1c57c35df56bbf0c9dcafca309c49
2026-04-24 04:45:47.000 UTC,0xc91c8f509d781787fd5c088832f0996886f36d2ea77c27a240665d7a40da6950,MEV,0x058ec4dfc95bab74f5dbe70b254f28486d1ba9aa,0x3328f7f4a1d1c57c35df56bbf0c9dcafca309c49
2026-04-24 04:46:11.000 UTC,0xb9dbc05d5301761f493452eafb7e9c152942dfd49eb141c525eff6c34215f83b,MEV,0x95ee20207d03de08f334c9dfffb40865fc6186e2,0x3328f7f4a1d1c57c35df56bbf0c9dcafca309c49
2026-04-24 04:46:11.000 UTC,0xf2396ecd3093ce84b4b9f0e915cb5e5c31e84876e630ebb00650a575bd998d13,MEV,0xa657533d500469630ce9649156e3c0aa1eaa5359,0x3328f7f4a1d1c57c35df56bbf0c9dcafca309c49
2026-04-24 04:46:11.000 UTC,0x7c32e5875082bba377f70d0088a8730caadb4e2c7f62acb901499f03f54d2e63,MEV,0x432b2000433a73d0aee984cd22eb47f4208a529f,0x3328f7f4a1d1c57c35df56bbf0c9dcafca309c49
2026-04-24 04:46:11.000 UTC,0xf1850552df2d9e735e40467bf0cf1d17be270de9e393c1fe533b3e72d014e33e,MEV,0xe2885465862a93c767f953fb3061d0ca90c91ae2,0x3328f7f4a1d1c57c35df56bbf0c9dcafca309c49
2026-04-24 04:46:35.000 UTC,0xc6b457fcdbf1ee0ff6749c274561d23e785dfd87a812aa993317a044036761f4,MEV,0x9df1dcc75f0d8ea693893d881d7c45f45ac6b6aa,0x3328f7f4a1d1c57c35df56bbf0c9dcafca309c49
2026-04-24 04:46:35.000 UTC,0xb2b630ea82200b951869330f25eb9ebad55b33c5bbbdd0d73e2626676eac831b,MEV,0xe92380c0f22c5cc8c43b5ca176166dcd5d251a2c,0x3328f7f4a1d1c57c35df56bbf0c9dcafca309c49
2026-04-24 04:46:35.000 UTC,0x4e89dcfc9eff949e643990e74f2e3b5f4e7d29ccf79d7980dd9a746e83ea90e5,MEV,0x569f4d6a4a189ff4d466c376bc42f4218b84ae64,0x3328f7f4a1d1c57c35df56bbf0c9dcafca309c49
2026-04-24 04:46:35.000 UTC,0x46042ff6c84e1e0548321fa3930db17abac3862efe1194042576a13d750470a1,MEV,0x6e1726a9b202f813537ad524a8067a9751e41bae,0x3328f7f4a1d1c57c35df56bbf0c9dcafca309c49
2026-04-24 04:47:47.000 UTC,0x41dfc339acd0d39469b08abf193ae0cc80c2664e2a7cf19eff4bb0468d12dc7f,MEV,0x4f7dc608b3c42b69242edea5e31c0198e043c375,0x3328f7f4a1d1c57c35df56bbf0c9dcafca309c49
2026-04-24 04:48:23.000 UTC,0xe84b8384aa47df14625aa6666fa92cb1bbb22ccb75aca7327def666917becd1d,MEV,0x65b7e0a6aae8ce28f9005cd8d3c78f0127d1be50,0x3328f7f4a1d1c57c35df56bbf0c9dcafca309c49
2026-04-24 04:48:23.000 UTC,0x395cf4a8274dfc42de1cae9cff771397a909ccd5ee38e756acf7580f89b85cb7,MEV,0x0e6d43d330d156ca39a69966515f95f5de3b7cc8,0x3328f7f4a1d1c57c35df56bbf0c9dcafca309c49
2026-04-24 04:48:35.000 UTC,0xea5e429f0180931e2cfa043a9463c935dd78c959d3f066207072f322b74521c5,MEV,0x36aee1d1e937bd719ae0524522fac570d0233686,0x3328f7f4a1d1c57c35df56bbf0c9dcafca309c49
2026-04-24 04:48:35.000 UTC,0x2fef2ccaa9bb33463f8076a0d15396b08ac264e938d824490c209eea5a761fb9,MEV,0x41b2aac3be0687ddcfe0e2362997cd4d53a521b6,0x3328f7f4a1d1c57c35df56bbf0c9dcafca309c49
2026-04-24 04:50:11.000 UTC,0x242dc320ec1a34b2992567ae06bf7e5bfcdd839f19348f28d683f1c52c208336,MEV,0x09d390a4d12aab17020d417cdbe7979e63927495,0x3328f7f4a1d1c57c35df56bbf0c9dcafca309c49
2026-04-24 04:50:11.000 UTC,0xa53e0117104ebe992615502846b8026d8298b1bd9764b2614c85b2a05b7f0016,MEV,0x36aee1d1e937bd719ae0524522fac570d0233686,0x3328f7f4a1d1c57c35df56bbf0c9dcafca309c49
2026-04-24 04:50:59.000 UTC,0xe691ef03b2b1ce6ac3470bfa8dd6b052e64156711b14ab1859ae834d2303e179,MEV,0x96fed986e4294d2a897657280ac5e0e5a76c962b,0x3328f7f4a1d1c57c35df56bbf0c9dcafca309c49
2026-04-24 04:51:23.000 UTC,0x14d07ccca64ba8db7dffa8ea75c53d0350fee3f235ef783833e527dd9045dada,MEV,0x2b5c3edc7ea24124a97c41a890b7d0bc6faea595,0x3328f7f4a1d1c57c35df56bbf0c9dcafca309c49
2026-04-24 04:52:23.000 UTC,0x3ba38465f7be3119acc8f148b57c81cd9b598dbdb62cd707d20e03298f2ce795,MEV,0x5758fda2cdf7a2164a5128a8b78e59f7ecb1c34f,0x3328f7f4a1d1c57c35df56bbf0c9dcafca309c49
2026-04-24 04:53:11.000 UTC,0x7f45ac9e86bbc022784391b9ddb4f414a217742eda8822c61897f25c057d85f9,MEV,0x367e5f044fa55ea3960bcea7cf3fd1279fd668b3,0x3328f7f4a1d1c57c35df56bbf0c9dcafca309c49
2026-04-24 04:53:11.000 UTC,0xe04ad3ed2716aaa29c8dd23ba27d288bc5774e37878755e896f01ad4e51cfeab,MEV,0xf419645b615e5489fe738481655661d2f1160885,0x3328f7f4a1d1c57c35df56bbf0c9dcafca309c49
2026-04-24 04:53:11.000 UTC,0xae5b823be52dfc07db131c833d2411aa583dc9e530c59aa5c963d4bab0cf36ef,MEV,0x1d5a36ab2506fdcab34ba139b68b5adb1358c4ff,0x3328f7f4a1d1c57c35df56bbf0c9dcafca309c49
2026-04-24 04:53:11.000 UTC,0x7d1a23a413cfbb191c012e1b18256573becef2168d28271efa29d4c130170544,MEV,0xccdedb5f3116084a58ffb29d5046188a0a1d896c,0x3328f7f4a1d1c57c35df56bbf0c9dcafca309c49
2026-04-24 04:53:11.000 UTC,0x5c7beab3fca7fb6d65dd6cef7e8447c9b3923b03707e2fe515349419d9d0405a,MEV,0xcfb581b9899b06b438c53f39757572e7af249940,0x3328f7f4a1d1c57c35df56bbf0c9dcafca309c49
2026-04-24 04:54:23.000 UTC,0xf9ec1867459127cdd556a2af4c8f4d85749921c5504c01af536ff3761d9d0161,MEV,0x9f4825563c972b0367e7e89ccefa8acdc4a17314,0x3328f7f4a1d1c57c35df56bbf0c9dcafca309c49
2026-04-24 04:55:11.000 UTC,0x6fa0599306c4837549c0919f5ed60ae5d04dba8ed4023cf593543f353b43dadf,MEV,0x9aecd70cd040d8c7450f1756fa1a0efaa7c38019,0x3328f7f4a1d1c57c35df56bbf0c9dcafca309c49
2026-04-24 04:55:11.000 UTC,0xf1aa8851240cd856e73fac9a6692253d3751e976f2030f20ff378cd5ef95ada2,MEV,0x972037272a8d097c5ebf701564547dbc633c4869,0x3328f7f4a1d1c57c35df56bbf0c9dcafca309c49
2026-04-24 04:55:35.000 UTC,0xa6a19d370ac49b7da71ff17102351d072a5e7016a4e29752235ef47f73046020,MEV,0x7dd18125d880f1e4dd39507ea7db9be10fa48116,0x3328f7f4a1d1c57c35df56bbf0c9dcafca309c49
2026-04-24 04:56:11.000 UTC,0x73896851d264f8a7b9b2cecf91ec1550056b765744852b0ef42e7c3e60776f61,MEV,0x0deaa831df697157d33928af09eee9a7f4d58d2b,0x3328f7f4a1d1c57c35df56bbf0c9dcafca309c49
2026-04-24 04:56:47.000 UTC,0x0057afc5c54f50a79b5628254c24756f021bfa1b3114f787f106f20dbb6106f9,MEV,0x0f706f023bc2421a16c0b27ae99c375211b0cf40,0x3328f7f4a1d1c57c35df56bbf0c9dcafca309c49
2026-04-24 04:56:47.000 UTC,0x218d0caa7ed8bd965899c77c5a27f7c1cadfeb6aa075e16d727fe2692d087676,MEV,0xe83fa7236b50409719c86bab8d29c8ee6461213f,0x3328f7f4a1d1c57c35df56bbf0c9dcafca309c49
2026-04-24 04:56:59.000 UTC,0x086b4f348fe98f138318a00c0363b140d3cc77a2a2f6ebb5622d8498269aebcc,MEV,0x5758fda2cdf7a2164a5128a8b78e59f7ecb1c34f,0x3328f7f4a1d1c57c35df56bbf0c9dcafca309c49
2026-04-24 04:56:59.000 UTC,0x44220c6c2a59487aacca04fe5fc078c33545256cbc8d748c65defb4a40f0d1ef,MEV,0xe846bdad3a4d290567c5e9d8641badc79c57602e,0x3328f7f4a1d1c57c35df56bbf0c9dcafca309c49
2026-04-24 04:56:59.000 UTC,0xaef090072e26d3c78c3bdf7be1f8e71df8019a4702b855ee8d40cbec7ad0d94b,MEV,0x76f75ac2a4613dc82463de31c8c094d9a9f0ee39,0x3328f7f4a1d1c57c35df56bbf0c9dcafca309c49
2026-04-24 04:57:11.000 UTC,0xb05d0fcc3117b48f37ace4928e40bce5b0e091db988e0e102a5829f1187edb28,MEV,0xce89f1c96b8a445856e2bafefb83600d991123db,0x3328f7f4a1d1c57c35df56bbf0c9dcafca309c49
2026-04-24 04:57:47.000 UTC,0x62168a2ff54dcf3775b13bfb3b40bfd48711f8add919dd4e3f2466b73b3802bb,MEV,0x9f4825563c972b0367e7e89ccefa8acdc4a17314,0x3328f7f4a1d1c57c35df56bbf0c9dcafca309c49
2026-04-24 04:57:47.000 UTC,0x6a7c3f64e03f8ae5376ea4679be8f18435ef9b53bd03b54503030d56fdcea541,MEV,0x1bd2ef1400683db1ef03c1a6745d7433464b6b8b,0x3328f7f4a1d1c57c35df56bbf0c9dcafca309c49
2026-04-24 04:58:59.000 UTC,0x7cdd0115b61d6c30f2e020e34252761550879437fad3e3a0472c4b1cfb1c9b48,MEV,0x0c6a9e14449d9e48d2f122b182ca6e0f8582cfcb,0x3328f7f4a1d1c57c35df56bbf0c9dcafca309c49
2026-04-24 04:58:59.000 UTC,0xbb8f404821dc8123ea1ef9728ea5f86796f92a80d66d3afe371f0f27dfcd7b60,MEV,0x5d4dfe0ce4d7545400dad1c4c8095fd9fcda02a5,0x3328f7f4a1d1c57c35df56bbf0c9dcafca309c49
2026-04-24 04:59:47.000 UTC,0x1da209acf4d5e1ef18398be6f4227a0a3b1f88f664859abbe6e5f7ad554fa967,MEV,0x17412b2b513584c382e4e8dc34fc776a41395636,0x3328f7f4a1d1c57c35df56bbf0c9dcafca309c49
2026-04-24 04:59:59.000 UTC,0x9032548f8088d854404879ca9ce5273a8813347e2413510253287fd404275512,MEV,0xe5ece7c79733c5b2e7ceefbfdc2542486d106584,0x3328f7f4a1d1c57c35df56bbf0c9dcafca309c49
2026-04-24 05:01:23.000 UTC,0x6dd33b0d95992de81ce67d4ba15147f1b76f8da64432663b7831566b7a00795b,MEV,0xc7ffca763d99242f0cb58a1f141f1d8d604d6fd5,0x3328f7f4a1d1c57c35df56bbf0c9dcafca309c49
2026-04-24 05:01:35.000 UTC,0xa494485b7b49f5a7483b176070ad4a473ea097d615793db64a4f65a00e49ad53,MEV,0xe5ece7c79733c5b2e7ceefbfdc2542486d106584,0x3328f7f4a1d1c57c35df56bbf0c9dcafca309c49
2026-04-24 05:02:23.000 UTC,0x784a5ab0e5d7d8d0114a9e161d20fa9371dd93104284a22ebe7c67a3f345d39f,MEV,0x2fd5a4cbe89c69b7eca7b4bc444135c3b38bd30d,0x3328f7f4a1d1c57c35df56bbf0c9dcafca309c49
2026-04-24 05:02:23.000 UTC,0x7e50768fedad44a5f58252dc1d492547bae08a3091ca8318bdbeb11ff965a5b8,MEV,0xfeca3589bc630835d3c6791b132fc521495a2bc6,0x3328f7f4a1d1c57c35df56bbf0c9dcafca309c49
2026-04-24 05:02:23.000 UTC,0xe449c8efa9712d7d45311dcf3d8c61aa8281e7502fc077efd9f297d391a80964,MEV,0x2938552e7ff0d70b017b9e02ef557ace28390144,0x3328f7f4a1d1c57c35df56bbf0c9dcafca309c49
2026-04-24 05:02:23.000 UTC,0xa55a7e41af05499783e745c7377ba386e90969f0327f383d188c2da6fe0f5a56,MEV,0x8fe8876f610c446bd4fddc3baa6f362c53504919,0x3328f7f4a1d1c57c35df56bbf0c9dcafca309c49
2026-04-24 05:02:23.000 UTC,0x462106853ac13591e7278056ebe3ec2023447de7732f677589ef8393a4c3c29a,MEV,0xf20d53d7887f4e1a563bbec90ebbdc88ed55624f,0x3328f7f4a1d1c57c35df56bbf0c9dcafca309c49
2026-04-24 05:02:47.000 UTC,0xdecb8d51ef1548f42c6748a97df5f077cf7020107fec4fb1992d88a5755633ad,MEV,0xfac81647830271d3140152009bf160ba5fe51131,0x3328f7f4a1d1c57c35df56bbf0c9dcafca309c49
2026-04-24 05:02:47.000 UTC,0x26e34b928ad92007bc131fa22c109f07734fe102ab4978d1d6817ed70296a0eb,MEV,0x3f99c0611ed4f3e17f50a79ce2c069b446d294ea,0x3328f7f4a1d1c57c35df56bbf0c9dcafca309c49
2026-04-24 05:02:47.000 UTC,0x64db7dd285a1408ffb3bb8850a2b6a3ac99c39ff43c12a520f08d95ccb36b839,MEV,0xdd3d71392f64844f6c163f5156a2bf4f6e552f95,0x3328f7f4a1d1c57c35df56bbf0c9dcafca309c49
2026-04-24 05:02:47.000 UTC,0x75c52b905828f957197489f064830f9de8f3e3a99958a1e16a2d56c665f9bdff,MEV,0x3ba733fcee5c65007a869cc30c94acb7f9b29572,0x3328f7f4a1d1c57c35df56bbf0c9dcafca309c49
2026-04-24 05:02:47.000 UTC,0x5e535aa8d0571a0dc8769f266f59ef25c35eaacb2437c16cb8364a4d55ba8fce,MEV,0x2d6cefa0b099c7600bee238cfdb0886124c4d237,0x3328f7f4a1d1c57c35df56bbf0c9dcafca309c49
2026-04-24 05:02:47.000 UTC,0xa9592d4ff3fd61ec62de9800881db95a6f8ee5e777ea197f136f36c42ab73da0,MEV,0xdddca76ed466bdfc7e051af495ea402dd4070a36,0x3328f7f4a1d1c57c35df56bbf0c9dcafca309c49
2026-04-24 05:02:59.000 UTC,0x0f7a80321684a0ec95712b1a9a1f8ed908c5a9f62a9245ef83e482f8ddfa5e07,MEV,0x5dd281d8398fc74e058d4cd1f17193d37b97d9d0,0x3328f7f4a1d1c57c35df56bbf0c9dcafca309c49
2026-04-24 05:02:59.000 UTC,0x146dcb8ad73cf3cdb6e422713db6b529bf235bd3abd5627a8d3073d856ce408a,MEV,0x4194ab008d79af9ecb0e1b7b24d7258101034cb5,0x3328f7f4a1d1c57c35df56bbf0c9dcafca309c49
2026-04-24 05:02:59.000 UTC,0xc102d40d66dcf427a433c12fad49f326dca4835fa5f8896118a8a4f5aa56f6ed,MEV,0xfd2f1875775650dc7ba73d39972997988b8b0055,0x3328f7f4a1d1c57c35df56bbf0c9dcafca309c49
2026-04-24 05:03:11.000 UTC,0xe6a3670cbde8c9f56ba5dddcbe97571bbfe7dfda2666ddf485d5405818079c01,MEV,0x58f3ff7fc2d5a21dfe1ee23a3604d7ccf1468c36,0x3328f7f4a1d1c57c35df56bbf0c9dcafca309c49
2026-04-24 05:03:11.000 UTC,0x7ee0c3fa17838a5fdd32a4b5fed3a8cbe89e1345e0c3bcdba00a01f0b3cbc55f,MEV,0x6c9fb6b361132b2c72b71816bd4582bf0d22f9a4,0x3328f7f4a1d1c57c35df56bbf0c9dcafca309c49
2026-04-24 05:03:23.000 UTC,0x4d71d1ef240b5240f4aa16d8bfaf0a3e0cc9572f32932e05c659792b4fe43359,MEV,0x5daca7dc1abc8dcc2fd9eca70227689efdc564c0,0x3328f7f4a1d1c57c35df56bbf0c9dcafca309c49
2026-04-24 05:03:23.000 UTC,0x9395d7fe39160bce1e7b1491195d1f3e985f09478575c667010caa855eea53bf,MEV,0xfd02a4948916c0e90f2105a7ed2279b2fb25927d,0x3328f7f4a1d1c57c35df56bbf0c9dcafca309c49
2026-04-24 05:03:35.000 UTC,0x7224db318dbadfd2e8dbc6af90c587999a3b9f126374d5ebe92fe51a56522e12,MEV,0xdeff2755bf2999b3226cab38d7b9c11a5c0b0766,0x3328f7f4a1d1c57c35df56bbf0c9dcafca309c49
2026-04-24 05:03:47.000 UTC,0x5d19148c34615ae58825ab6da6d9a036f2adfe021e48ecf9a520d5fdbc4dfd11,MEV,0xc63c07d8bd43e677d474eeb85dd2077b4ad8bdc7,0x3328f7f4a1d1c57c35df56bbf0c9dcafca309c49
2026-04-24 05:03:47.000 UTC,0xe8f231754fea4b1ecdd7633586cbbe6840c443bb152ae92df769a0386031bb8a,MEV,0xd2decbc2cd3fe0af5aaf2f1fe4fbc4d00f6492c9,0x3328f7f4a1d1c57c35df56bbf0c9dcafca309c49
2026-04-24 05:03:59.000 UTC,0xfeedd9d013f1fed90bbfdfcdfff1cbcae6435189a6e826baa134ee0ee17af73b,MEV,0x7ea97a602dcd9c224b7588442c784180ec806f0c,0x3328f7f4a1d1c57c35df56bbf0c9dcafca309c49
2026-04-24 05:04:11.000 UTC,0xd70d711e01f9b148faf7fc589333ee50370ce04eafd656108c6569dc7d7a844b,MEV,0x26ed2bec3089c5f4b2df55e3aaa8e4ed4213b486,0x3328f7f4a1d1c57c35df56bbf0c9dcafca309c49
2026-04-24 05:04:11.000 UTC,0x7094022809d91b5a59369950cb83cc96325f7891653d566a15ae062808e0a96e,MEV,0xc52e0a293a598b79fa2f1cee9f31b76fe0c6bf57,0x3328f7f4a1d1c57c35df56bbf0c9dcafca309c49
2026-04-24 05:04:59.000 UTC,0xe0aa1a4062fa076feb02148152315a494b414d537b44c4f7c0a3a91eeb89285e,MEV,0x89ce04e0c4558be2f8c7804ca9da6948c0c3f964,0x3328f7f4a1d1c57c35df56bbf0c9dcafca309c49
2026-04-24 05:04:59.000 UTC,0x5bc99f85684f6173d1aa3767c83736ae87edc91b6f8ab7d02b337867f2d6e88e,MEV,0x6b51c424850c17d9a9bae4bf6a050aba89ce3519,0x3328f7f4a1d1c57c35df56bbf0c9dcafca309c49
2026-04-24 05:04:59.000 UTC,0xfc6832cc71c94429e95a146b275b958b606c4f81d53e5f2497701f2ef25d26c0,MEV,0x8d9687f6d675584c7263f1449182fc099e2d4a7c,0x3328f7f4a1d1c57c35df56bbf0c9dcafca309c49
2026-04-24 05:04:59.000 UTC,0xa7cb9836ab72fd9b4e95b156df1d8bf681c43d7579d3cd5edd455a77ce5e29ea,MEV,0x1118f8b1e5ee723d719785785ff062423ae2ba0e,0x3328f7f4a1d1c57c35df56bbf0c9dcafca309c49
2026-04-24 05:04:59.000 UTC,0xad8cb8f31fc042baab5c090513c7aaf0415a252c4fb51a1fe57e8fdf1f663f5f,MEV,0xbca8e6ece781465a0bfb994034a7bdfb09618b1f,0x3328f7f4a1d1c57c35df56bbf0c9dcafca309c49
2026-04-24 05:04:59.000 UTC,0xf01cbbf68d763fde467183979c5c4db044fef866d477b400bbeacef0f0442c85,MEV,0x5e299c28ddf416e6ae7cdd157e0a3868f404c027,0x3328f7f4a1d1c57c35df56bbf0c9dcafca309c49
2026-04-24 05:04:59.000 UTC,0xc7b8b436487e246a120c4dd5d530d8748948b4d8b73756f23c063097ff58277a,MEV,0xb2c484bcd38fd0324cf04941ee0fb47c712aae7d,0x3328f7f4a1d1c57c35df56bbf0c9dcafca309c49
2026-04-24 05:05:11.000 UTC,0xaf880849856704dc0ebe8dfea57d4627a480c0172e56ddcdad36a4fcceeb7593,MEV,0x640878cf57972391d5283e89e53aae391d4f1dbe,0x3328f7f4a1d1c57c35df56bbf0c9dcafca309c49
2026-04-24 05:05:35.000 UTC,0xdcf753d06674ef058f38eea7f7caaa62f33afcf3812080f119ea673c6dda12f1,MEV,0xacc71d0f7b18bb2c8e9c53e82c47e10ab367f902,0x3328f7f4a1d1c57c35df56bbf0c9dcafca309c49
2026-04-24 05:06:23.000 UTC,0x86467cc66447ab5930e4491cd70c1411382f353492c4023547e464c8e22f107f,MEV,0xefd4335c2d2da6f452efe1efbe9d10d2686db434,0x3328f7f4a1d1c57c35df56bbf0c9dcafca309c49
2026-04-24 05:06:23.000 UTC,0x691a883e11cd920f6c53e1a37c74c44c881ad6c29df174436e56ec2fb22472d7,MEV,0xfce6ca5463066c97a51cc4ba71ebb19003c1e510,0x3328f7f4a1d1c57c35df56bbf0c9dcafca309c49
2026-04-24 05:06:35.000 UTC,0x403192f269e6b8e54f6ecf8774d82658cf6fdc248b8e8e079b2eb32583a6d1be,MEV,0xcbb3dabb28c1ca9f64f42f1239680c2deb8b96d9,0x3328f7f4a1d1c57c35df56bbf0c9dcafca309c49
2026-04-24 05:06:35.000 UTC,0x05c4df45991135007793a52d32b1bb1080cedd48c1b6c992fc3b3e155964579d,MEV,0xa7c0d4c38e8260e3478ea3f2e936577c25227851,0x3328f7f4a1d1c57c35df56bbf0c9dcafca309c49
2026-04-24 05:06:59.000 UTC,0xf32afd602eb5ac6cffd96e3ffe19fd2a832f8b78d0af7ce11beb3713df870754,MEV,0xb2c484bcd38fd0324cf04941ee0fb47c712aae7d,0x3328f7f4a1d1c57c35df56bbf0c9dcafca309c49
2026-04-24 05:06:59.000 UTC,0x6e3dcc1ff1c1cf28a3f7d019fefe4b41c95a9a5d76b289b471ad1be4b25d85ef,MEV,0x40986759db18bbc1f7e4bc0ae61997c26c674406,0x3328f7f4a1d1c57c35df56bbf0c9dcafca309c49
2026-04-24 05:06:59.000 UTC,0x251d2f280d2aa39010704c6b3dd0319866ad9ccf9aa3c518eaa636f046f9d57b,MEV,0xefa3c1bbf5cf66c8cb5ec9a9b2883cf651275ecb,0x3328f7f4a1d1c57c35df56bbf0c9dcafca309c49
2026-04-24 05:06:59.000 UTC,0x6cf35960b92ad1892e98ed0b0d1d99c19ed5a23b6730ed8c48306089b16c24c6,MEV,0x4806eef4c0ad9f7bb032857f40341708d09660db,0x3328f7f4a1d1c57c35df56bbf0c9dcafca309c49
2026-04-24 05:07:11.000 UTC,0x1cec64075234f0d10904431496a0f7e2c2c1a02ee3549ee28de2f7515e36e2c8,MEV,0x89ce04e0c4558be2f8c7804ca9da6948c0c3f964,0x3328f7f4a1d1c57c35df56bbf0c9dcafca309c49
2026-04-24 05:07:11.000 UTC,0x5fb7c59064a42ab80d6275a452640f00139f5432405fb234cd093966e5e182a5,MEV,0x1118f8b1e5ee723d719785785ff062423ae2ba0e,0x3328f7f4a1d1c57c35df56bbf0c9dcafca309c49
2026-04-24 05:07:23.000 UTC,0x8648018a084cb4aa81a81cfffb0ec2d513ca5063cf4da9f5be6d3c53647712d8,MEV,0x6b51c424850c17d9a9bae4bf6a050aba89ce3519,0x3328f7f4a1d1c57c35df56bbf0c9dcafca309c49
2026-04-24 05:07:35.000 UTC,0xfc45f11a5010d3912d4a0c1ca43cce5e6603b71a0cb706cad603d9777458c393,MEV,0xc5cd69b981ca2c30365ad21daf2f5031d8541bdc,0x3328f7f4a1d1c57c35df56bbf0c9dcafca309c49
2026-04-24 05:07:35.000 UTC,0xc39d04c105c8c6dab75114071c84d883e79dcba66dc2b493f9b367a6d40dfe5e,MEV,0x456e69fc1f81e847894735763041a5bc06f4515e,0x3328f7f4a1d1c57c35df56bbf0c9dcafca309c49
2026-04-24 05:07:35.000 UTC,0x254b1702b1d404161278e601ca39bd22741f6549cb0efec029e26c12e0a85da2,MEV,0x05782893857ff5f95e9211a29202800c89e59ab7,0x3328f7f4a1d1c57c35df56bbf0c9dcafca309c49
2026-04-24 05:07:35.000 UTC,0x3bd066592659ee12fa635f899e22070f6f554c9931cc1dc6ef88fbf59f8332b9,MEV,0x514bf6b13306f69fe3ab8c878a6bf39bd52843ad,0x3328f7f4a1d1c57c35df56bbf0c9dcafca309c49
2026-04-24 05:07:47.000 UTC,0x5df9374d3716f4c72578a44edacedbe08f4bf15aa389fcd26456e550887693e9,MEV,0x9cce04b4d7387599b6a49b4102aa8ed6bf8bae12,0x3328f7f4a1d1c57c35df56bbf0c9dcafca309c49
2026-04-24 05:07:47.000 UTC,0xa6b1a6f800682622957a13d57b2ce64b0432219859f667cdf04155678e415f9e,MEV,0x38a4843b9cb392166a6fa62e84998ff5b1cf13e7,0x3328f7f4a1d1c57c35df56bbf0c9dcafca309c49
2026-04-24 05:07:47.000 UTC,0xeef9b0504b1217ab86e7038ce050f0cc975de8aa599ea11d6f8a476fdb571139,MEV,0x8d9687f6d675584c7263f1449182fc099e2d4a7c,0x3328f7f4a1d1c57c35df56bbf0c9dcafca309c49
2026-04-24 05:07:59.000 UTC,0xe8a25cfc1b936b1121a199872bbcd3fd900b6b33da534c3ad66fee69d1648d2f,MEV,0x8bfee4f379d78955c5a42e9335af361a7e9101e3,0x3328f7f4a1d1c57c35df56bbf0c9dcafca309c49
2026-04-24 05:08:11.000 UTC,0xf46c392592e77ef733a07ce8f18025ef4f05ac778e259881842509902fe3644c,MEV,0x1e035e3d750634969ec0bed3ea5a1e8ce4f46eea,0x3328f7f4a1d1c57c35df56bbf0c9dcafca309c49
2026-04-24 05:08:11.000 UTC,0xd107717f560bbb429cfe7a6cec43c93f818319a554f824bd1357618bef6cc7f6,MEV,0x9b2eb0af49666f9a9814417983b5025a0b7e6a6c,0x3328f7f4a1d1c57c35df56bbf0c9dcafca309c49
2026-04-24 05:08:23.000 UTC,0x0804fcc225198f62a69c2b8a12f3a5cabfa5f1fc45d76a9df7699b774d1ab300,MEV,0x508bae001798cce1340995fecf1db04b269b7379,0x3328f7f4a1d1c57c35df56bbf0c9dcafca309c49
2026-04-24 05:08:35.000 UTC,0x3391085b39e0d93daf1106aaf83ff60b22bd7f457f517d0aafb771508ae94e0c,MEV,0xb004f5be965934c408ad37ec9a6b4df98ee22254,0x3328f7f4a1d1c57c35df56bbf0c9dcafca309c49
2026-04-24 05:08:59.000 UTC,0x88052fc46feec71250d53fd29be3d84b9779847da1b25786091de74fb5d2d564,MEV,0xf14f92513bbfd3308fadb4adca6cf43b2c814d60,0x3328f7f4a1d1c57c35df56bbf0c9dcafca309c49
2026-04-24 05:08:59.000 UTC,0xf8b2877c39889608a0efe486411ff1ee4e23000a449601a0be815c39aea18a3c,MEV,0xb4c879041cdc68e551e949bd36ffcd9311ef1752,0x3328f7f4a1d1c57c35df56bbf0c9dcafca309c49
2026-04-24 05:08:59.000 UTC,0x54e9aeb89fa29ee28dbd836e670bfafa61cd2e824bbff87f18ab8d54ff145585,MEV,0xfa67148475d7f4e7ff959c21134a3e0d37aaf5cf,0x3328f7f4a1d1c57c35df56bbf0c9dcafca309c49
2026-04-24 05:08:59.000 UTC,0x753bdc8f863dc18140799ffa9201e29fa51c4d905b70682b3d64fc1896f65144,MEV,0x76112541a9add02d04d2dba141435aa3bf5d3bd9,0x3328f7f4a1d1c57c35df56bbf0c9dcafca309c49
2026-04-24 05:09:11.000 UTC,0xa151e073f727ce97d862595a28f4847f4f0a52f5920ff6ffe38adf400bdead39,MEV,0x78693a466a6029979f4e42c728b1f40c4e65fa59,0x3328f7f4a1d1c57c35df56bbf0c9dcafca309c49
2026-04-24 05:09:23.000 UTC,0x74312d53793fa801aecca21783ce3ede16ed09ae847e16ace337491155bb9fde,MEV,0x5b13fdabf7c9dd873ac04ddeac693ac868390d19,0x3328f7f4a1d1c57c35df56bbf0c9dcafca309c49
2026-04-24 05:09:47.000 UTC,0x8c6843d1f3a26d6a2dd47e6680dd06b90107140731f082a72c4c8edd68395ffe,MEV,0x78693a466a6029979f4e42c728b1f40c4e65fa59,0x3328f7f4a1d1c57c35df56bbf0c9dcafca309c49
2026-04-24 05:10:23.000 UTC,0x971fb2f5bc1c053680f61752ddf16af3d3609127e1f5620210b20e35851d0373,MEV,0x99e726a5420a2a194b21d3945e6fa92904009f1d,0x3328f7f4a1d1c57c35df56bbf0c9dcafca309c49
2026-04-24 05:10:59.000 UTC,0xf8287cdd6666c981cbecefbda13299eb7f81bff502997d8b7b25fea3d0c14b36,MEV,0xe78c5745b0418447cc8a53ad4361ca9ec805e391,0x3328f7f4a1d1c57c35df56bbf0c9dcafca309c49
2026-04-24 05:10:59.000 UTC,0xdba7ac259821bb43e11a69e5046f10bf29ad21b93ade1fe958c680fa3b094b51,MEV,0x5959c85b5c8c68276c99b1cde79a175e9f44af37,0x3328f7f4a1d1c57c35df56bbf0c9dcafca309c49
2026-04-24 05:10:59.000 UTC,0xa123d5ffeb9d07049e9565171f01e775d21f156c86bd7d9fe56884597e8def0b,MEV,0x940e3ff7efa6936641fc2c2aea11d4e452307877,0x3328f7f4a1d1c57c35df56bbf0c9dcafca309c49
2026-04-24 05:10:59.000 UTC,0x6a9621b3f4fe9053c59c79745716840f3b8b8e7a5dd82ed2f7fbf410ff431406,MEV,0xdd4bf17ff61b1cad4ad3ffa4ef0dd08b747422d0,0x3328f7f4a1d1c57c35df56bbf0c9dcafca309c49
2026-04-24 05:10:59.000 UTC,0x162d405bb9ec4642aad18919a45fbb010fc0bff9f16255687135a306889293ff,MEV,0x0a3a5f5dd013e1ec4e6de9dfcfab11193205abc2,0x3328f7f4a1d1c57c35df56bbf0c9dcafca309c49
2026-04-24 05:11:11.000 UTC,0xdcd322a1446b998d0a4764720c3660becdf94879d736cf4065470857a7c4d076,MEV,0x9ca100bfc9b1bcdec23ba0ec6e4eee26a49dee94,0x3328f7f4a1d1c57c35df56bbf0c9dcafca309c49
2026-04-24 05:11:11.000 UTC,0xe7645429d42c687bc1cd838a9f06880b15c6c8665ee8f9d8d99e6f72b869915e,MEV,0xfd0515c6a3fa238c3834f043d5763eaffee9d47e,0x3328f7f4a1d1c57c35df56bbf0c9dcafca309c49
2026-04-24 05:11:11.000 UTC,0x98e76036922e52a103ba10b2941001eed379d32c58c65a101cb69e8cffccc440,MEV,0xd5b08e7f855f798c3b170fa8a5f1b45f31922d5c,0x3328f7f4a1d1c57c35df56bbf0c9dcafca309c49
2026-04-24 05:11:11.000 UTC,0xfb8c08908120fd60b578476ff881a7f566b2988685b1d5c51dbbe847007650aa,MEV,0x30b6e1eba5799210fec18e825e3787afbb5d5dfd,0x3328f7f4a1d1c57c35df56bbf0c9dcafca309c49
2026-04-24 05:11:11.000 UTC,0xafca7ba4c4a86d031a4f8c0d9266d42808bbf1e5e0565293ae48dbc4cf5aee32,MEV,0x48154424d2b3f7c9f9e00cdd9dee93ddd917b7cc,0x3328f7f4a1d1c57c35df56bbf0c9dcafca309c49
2026-04-24 05:12:47.000 UTC,0xc7e485d05048c8e56368a190f035c55f05ed8e2603c008fcd013bdcdcfe29e53,MEV,0x89ce04e0c4558be2f8c7804ca9da6948c0c3f964,0x3328f7f4a1d1c57c35df56bbf0c9dcafca309c49
2026-04-24 05:12:47.000 UTC,0xf1eb0bb5ace2cddbca3099f0eec2f7420207d9cee73ea5c74bc5d4af671cd275,MEV,0x940e3ff7efa6936641fc2c2aea11d4e452307877,0x3328f7f4a1d1c57c35df56bbf0c9dcafca309c49
2026-04-24 05:12:47.000 UTC,0x37bae1da2de5604e9b0e6eb841c062273ab48605c4a673fdfcedb62aff4a231c,MEV,0xb2c484bcd38fd0324cf04941ee0fb47c712aae7d,0x3328f7f4a1d1c57c35df56bbf0c9dcafca309c49
2026-04-24 05:12:59.000 UTC,0xb702b72e9891129e4beb584fc8628eda013dcf08109c920cf845d3ae7854342e,MEV,0x1bd2ef1400683db1ef03c1a6745d7433464b6b8b,0x3328f7f4a1d1c57c35df56bbf0c9dcafca309c49
2026-04-24 05:13:23.000 UTC,0x5d4819c523f016613c56d2a6f24898421ae7f049875d40ad90c2e04eafbf317c,MEV,0xe678bd157e0067134e0f39e965d0ed90476e08da,0x3328f7f4a1d1c57c35df56bbf0c9dcafca309c49
2026-04-24 05:13:47.000 UTC,0xd7eeee27f6ef6f3aacf7ccb1ec14dbad7c67b2b072914583684241dce9b81d8a,MEV,0x2167ebdbff0d8f10f465e865d54c8db88775b961,0x3328f7f4a1d1c57c35df56bbf0c9dcafca309c49
2026-04-24 05:14:11.000 UTC,0xf53f2df31a80a5ce2a9fedb75a4d507b8598da8be6228695ea1f6f0f21a1f175,MEV,0xe2fff0567c5d3bfdff08f2fecfd74dcbd2be2a29,0x3328f7f4a1d1c57c35df56bbf0c9dcafca309c49
2026-04-24 05:14:11.000 UTC,0x2cf374478471a99dd85cebca33a3801c20ac41e5206cfb0ecc4f7b91dd9a33a8,MEV,0x2a97bd265b2673a726ada44f5ff16a75269f2855,0x3328f7f4a1d1c57c35df56bbf0c9dcafca309c49
2026-04-24 05:14:23.000 UTC,0x43c2530e08252dea78f410a96af7dbfd960d0f5a92953e3ce5021671c6390b72,MEV,0x99e726a5420a2a194b21d3945e6fa92904009f1d,0x3328f7f4a1d1c57c35df56bbf0c9dcafca309c49
2026-04-24 05:14:23.000 UTC,0x2c7e1fed74a3c0fdbecc55ab5cdaabe69a6d996733d090594988e79eff743767,MEV,0x5959c85b5c8c68276c99b1cde79a175e9f44af37,0x3328f7f4a1d1c57c35df56bbf0c9dcafca309c49
2026-04-24 05:14:35.000 UTC,0x9a112866f85983620ae7e73d365432e1358eb6f480e0481433f29a4504013147,MEV,0x0f706f023bc2421a16c0b27ae99c375211b0cf40,0x3328f7f4a1d1c57c35df56bbf0c9dcafca309c49
2026-04-24 05:15:11.000 UTC,0xe0b2445618305888e61e8a993dc09ae52e38705c1dc559b282293f961d203dc3,MEV,0x2989bffe7dba4cdaa3da521abf94925e8d19f3ad,0x3328f7f4a1d1c57c35df56bbf0c9dcafca309c49
2026-04-24 05:15:11.000 UTC,0xfdcf8413b3b07efc96bbf5170ef10bed607e2d08a27e0a4ee78f6f9565f6ffe5,MEV,0x504572db530cc7be96116766e3447a677c63d6fd,0x3328f7f4a1d1c57c35df56bbf0c9dcafca309c49
2026-04-24 05:15:11.000 UTC,0x8c83cfa9b8134c40c0a2a86bdfed9356ce45ebef94772761d262e45b313597f6,MEV,0xe83fa7236b50409719c86bab8d29c8ee6461213f,0x3328f7f4a1d1c57c35df56bbf0c9dcafca309c49
2026-04-24 05:15:23.000 UTC,0x6cc2f23f42f07ef0dd00383ad9e9cbdfd21fbf2da6ab05ccfaf66064de4d3634,MEV,0x1bd2ef1400683db1ef03c1a6745d7433464b6b8b,0x3328f7f4a1d1c57c35df56bbf0c9dcafca309c49
2026-04-24 05:15:47.000 UTC,0xa5aa0837376b45037e75affe3d0ca289da35a94ac5577e150782dd26f3137e17,MEV,0x0f706f023bc2421a16c0b27ae99c375211b0cf40,0x3328f7f4a1d1c57c35df56bbf0c9dcafca309c49
2026-04-24 05:15:47.000 UTC,0x5a2e493710238bb68f22b2a4f14e02c016f04609fbd0df594781c173f140262b,MEV,0xe83fa7236b50409719c86bab8d29c8ee6461213f,0x3328f7f4a1d1c57c35df56bbf0c9dcafca309c49
2026-04-24 05:16:11.000 UTC,0xe0044e876ba0d270628a4652129dae7c5ce564dbaae32280ff036435cd854efc,MEV,0x695d0805a652fbc13d4407f026263ea0b58a6e35,0x3328f7f4a1d1c57c35df56bbf0c9dcafca309c49
2026-04-24 05:16:23.000 UTC,0x9a39137da967423221c6426eeb2934a8673f2b0d9bdcbe565f026e310fd1d92c,MEV,0xe83fa7236b50409719c86bab8d29c8ee6461213f,0x3328f7f4a1d1c57c35df56bbf0c9dcafca309c49
2026-04-24 05:16:23.000 UTC,0x39fbe65d5853b96666d7617a2496867b0de5c26d359b4880e4fc3ad8457df047,MEV,0x0f706f023bc2421a16c0b27ae99c375211b0cf40,0x3328f7f4a1d1c57c35df56bbf0c9dcafca309c49
2026-04-24 05:16:59.000 UTC,0x76777848de0f73964ad39fcfc0cf92b0336b496218328a077f2fc4735b1ac698,MEV,0xcb4ce655081f706c5145fea5237b01662438b20c,0x3328f7f4a1d1c57c35df56bbf0c9dcafca309c49
2026-04-24 05:17:47.000 UTC,0xd0fb18cf4394aa5cb72ccc35e4fb6831eca65840a866a717aa1cb1d19590b3d0,MEV,0x50342b26b524c8bb02659294db18e12e0aa750d8,0x3328f7f4a1d1c57c35df56bbf0c9dcafca309c49
2026-04-24 05:17:47.000 UTC,0x8547ae5c1ac5ff0f9b3f705cf10b12bf4fe26e87fc1e88bc3341a77c4427b6de,MEV,0x82b0e45df79b8c4be2b4d0359fda61a51d83f169,0x3328f7f4a1d1c57c35df56bbf0c9dcafca309c49
2026-04-24 05:17:59.000 UTC,0xcac0bb1315dba2b45ce398072272f0bfa1efd926140dd196df2d8eec552ffe24,MEV,0x3819ec18c306ee68e31535c50cc8f9257314519a,0x3328f7f4a1d1c57c35df56bbf0c9dcafca309c49
2026-04-24 05:19:35.000 UTC,0x7cb9d13d5bb94de60ac0e4b446e0530e1485764548de7e5774e4138dfb9e6c30,MEV,0x5758fda2cdf7a2164a5128a8b78e59f7ecb1c34f,0x3328f7f4a1d1c57c35df56bbf0c9dcafca309c49
2026-04-24 05:20:35.000 UTC,0xa909e8eb90db2de7f7d15714f828cc4275c42d20d9bf8ecb7aba26e147b63d65,MEV,0x5758fda2cdf7a2164a5128a8b78e59f7ecb1c34f,0x3328f7f4a1d1c57c35df56bbf0c9dcafca309c49
2026-04-24 05:20:47.000 UTC,0x8bb314728935860db86fa86a5536d3a1f6b2fd5c64a096afab0e099464554545,MEV,0x5758fda2cdf7a2164a5128a8b78e59f7ecb1c34f,0x3328f7f4a1d1c57c35df56bbf0c9dcafca309c49
2026-04-24 05:21:35.000 UTC,0xa1a433c181902b0308eb5910be9b3e9be9d1cd698c0ae83b15d47b58fcec1f5b,MEV,0x1bd2ef1400683db1ef03c1a6745d7433464b6b8b,0x3328f7f4a1d1c57c35df56bbf0c9dcafca309c49
2026-04-24 05:22:11.000 UTC,0x0b85e5e86c0d8de7cc5f3faa109df15d24561bcd6f276933da1bfbd9b9a8ffcc,MEV,0x1a7b866e39752668d82a669ab98b6b8a7f3384f1,0x3328f7f4a1d1c57c35df56bbf0c9dcafca309c49
2026-04-24 05:22:11.000 UTC,0xbef3a32228c4b44578dab6dbb4e7f81ff89d89edda36002338611916a8df9566,MEV,0x01a1a73db6e59aea6d77dd157ec8b8cf2a06af4f,0x3328f7f4a1d1c57c35df56bbf0c9dcafca309c49
2026-04-24 05:22:11.000 UTC,0xc37ec3f93528b3675135cdd05a483fe4414f71ab937623c2becd9b0ca0139a03,MEV,0xa26fe02c84f2ee6010491b22cca0f52eee3e6128,0x3328f7f4a1d1c57c35df56bbf0c9dcafca309c49
2026-04-24 05:22:59.000 UTC,0x74aea1fa725978fbff7a26c4c85398938baae3b44aef395045204d0f648afdc5,MEV,0x21f0b87b59d5dca3a9a9f07312d0fa41e595fe43,0x3328f7f4a1d1c57c35df56bbf0c9dcafca309c49
2026-04-24 05:22:59.000 UTC,0x7852a1271b66e71c0555fd846d26dbcdd2edda69d40c80c085f4b074408590db,MEV,0x9b13c068ebc8d94b9f87c858e6b6895d7bc8fa4e,0x3328f7f4a1d1c57c35df56bbf0c9dcafca309c49
2026-04-24 05:23:11.000 UTC,0x158642555b6d7769e773ac07aa83009eafac0ad7580d796e9f5238b84b106264,MEV,0xbc797ddda81a4fab61d4b504c098709f2b8ffb20,0x3328f7f4a1d1c57c35df56bbf0c9dcafca309c49
2026-04-24 05:24:59.000 UTC,0x24d467b22606792d49c0e1460293bedb5801e20cfd93134627946b172327e14a,MEV,0xef4842512fbf401155c94c8ade1edd78419a3fe8,0x3328f7f4a1d1c57c35df56bbf0c9dcafca309c49
2026-04-24 05:25:23.000 UTC,0x16776a9a4c1b657b1117da3927001655c0de4af6ae2f325cdda6ad103066afd9,MEV,0x3b11b300405df114c5ac4c66bffe6addd0a4b3cb,0x3328f7f4a1d1c57c35df56bbf0c9dcafca309c49
2026-04-24 05:25:23.000 UTC,0x7fe33ecbffd4393c5666152cb616fa2e9d9e19ab2bbd7655647b2dc708e595ac,MEV,0x48236665cc6124599faf9506ca1827e6dcaf09fd,0x3328f7f4a1d1c57c35df56bbf0c9dcafca309c49
2026-04-24 05:26:23.000 UTC,0xc02da84e79eb8fd175fd9540bfccaf30141e3e5a7c796eda0b49ebbf43b51728,MEV,0x36aee1d1e937bd719ae0524522fac570d0233686,0x3328f7f4a1d1c57c35df56bbf0c9dcafca309c49
2026-04-24 05:26:47.000 UTC,0x21975e83347fb6f1fe7feb78ad274f5111c520c0b7c04531c02145270c20a6ce,MEV,0x1118f8b1e5ee723d719785785ff062423ae2ba0e,0x3328f7f4a1d1c57c35df56bbf0c9dcafca309c49
2026-04-24 05:26:47.000 UTC,0x598e5162d994226c64ab9dda3e7cdb5fe827102195e64c69a9a0187ad08f87da,MEV,0xb2c484bcd38fd0324cf04941ee0fb47c712aae7d,0x3328f7f4a1d1c57c35df56bbf0c9dcafca309c49
2026-04-24 05:26:47.000 UTC,0x0e590be7ade9e2f6eb33a8af30ab8efbab3a229c402e02fb9382f9e3048790ab,MEV,0x6b51c424850c17d9a9bae4bf6a050aba89ce3519,0x3328f7f4a1d1c57c35df56bbf0c9dcafca309c49
2026-04-24 05:26:47.000 UTC,0x76ffd8c6b80dd27ef1251e03e5a20b0ce81d756bbb9c79713c95001df5ff674d,MEV,0x8d9687f6d675584c7263f1449182fc099e2d4a7c,0x3328f7f4a1d1c57c35df56bbf0c9dcafca309c49
2026-04-24 05:26:47.000 UTC,0xa4a0fc7255263993e1ed9e194cf8b4754e77a32de9ab002eef28794e48eb15f3,MEV,0x89ce04e0c4558be2f8c7804ca9da6948c0c3f964,0x3328f7f4a1d1c57c35df56bbf0c9dcafca309c49
2026-04-24 05:27:59.000 UTC,0x45f6a77f0fc2981c67e9414f0012611af1e32925b0da4c1e1cf628a41e59b667,MEV,0x5638484ba2d2f1d1d35020572b0aa439a9869192,0x3328f7f4a1d1c57c35df56bbf0c9dcafca309c49
2026-04-24 05:28:23.000 UTC,0xa1ea9cb8128fdffbd2048632170d0733191d059bd6f4674cc4a85bbf87dbaae6,MEV,0x1bd2ef1400683db1ef03c1a6745d7433464b6b8b,0x3328f7f4a1d1c57c35df56bbf0c9dcafca309c49
2026-04-24 05:28:59.000 UTC,0x2fd31d54b369532361b7a3a43ad4ce3d4868d47ecd32c2092d7d1e46517f2ac2,MEV,0xa99416605785b6ccea16ef2730d7f83f73cf1587,0x3328f7f4a1d1c57c35df56bbf0c9dcafca309c49
2026-04-24 05:29:35.000 UTC,0xafaefe766900233cc4321c48c1bb8e00f4e3c63fe752d76dc85dbbbb3d5f738e,MEV,0x36aee1d1e937bd719ae0524522fac570d0233686,0x3328f7f4a1d1c57c35df56bbf0c9dcafca309c49
2026-04-24 05:30:11.000 UTC,0x059941e8aafe7915d2c80e1aeb7a0cabefc42e51fcd6e6dc43fe4fe7523290c0,MEV,0xb2c484bcd38fd0324cf04941ee0fb47c712aae7d,0x3328f7f4a1d1c57c35df56bbf0c9dcafca309c49
2026-04-24 05:30:11.000 UTC,0xd62f77cee1cf0efda73693556c0f1621306ba3ea8e39d82e4b0099a0aeafab83,MEV,0x1118f8b1e5ee723d719785785ff062423ae2ba0e,0x3328f7f4a1d1c57c35df56bbf0c9dcafca309c49
2026-04-24 05:30:11.000 UTC,0x6ca9dcca25ec94d7c4ec2c25dcb5b0e2b53981e0bb439725c117a4c21ce9ec98,MEV,0x89ce04e0c4558be2f8c7804ca9da6948c0c3f964,0x3328f7f4a1d1c57c35df56bbf0c9dcafca309c49
2026-04-24 05:30:11.000 UTC,0xc24fe9cb4d571df4c8c1731544d45d3c14ae2d84f5258d4917d23b92f2dc7ecc,MEV,0x8d9687f6d675584c7263f1449182fc099e2d4a7c,0x3328f7f4a1d1c57c35df56bbf0c9dcafca309c49
2026-04-24 05:30:11.000 UTC,0x8259948ab609f82a6023da3404778b0ae53c69f130dff9732ce6438650244f32,MEV,0x9ac57d9ee42e83ac379ef1318931dc4ac8ace1f6,0x3328f7f4a1d1c57c35df56bbf0c9dcafca309c49
2026-04-24 05:30:11.000 UTC,0x31b192254fff843819cedb6385f5e1f4a4a2d1621b547f3a638d47d33cf2b00c,MEV,0x6b51c424850c17d9a9bae4bf6a050aba89ce3519,0x3328f7f4a1d1c57c35df56bbf0c9dcafca309c49
2026-04-24 05:30:23.000 UTC,0xa36aa38ff61dae6310e1a374bd05fc44d73f5b359baf8e61413392e9a9e5caaa,MEV,0x36aee1d1e937bd719ae0524522fac570d0233686,0x3328f7f4a1d1c57c35df56bbf0c9dcafca309c49
2026-04-24 05:30:59.000 UTC,0x09e793ce12436b908bd43e979080bdea4816ca47f3684d401ec533b5eee2bd3d,MEV,0xe9727997b59abfad81fa270f2b7dd04c5f080b64,0x3328f7f4a1d1c57c35df56bbf0c9dcafca309c49
2026-04-24 05:30:59.000 UTC,0x2edc70008b42a5705093a587b12c99b9ebf4dac5e324815c647dc538339e10c4,MEV,0x5638484ba2d2f1d1d35020572b0aa439a9869192,0x3328f7f4a1d1c57c35df56bbf0c9dcafca309c49
2026-04-24 05:30:59.000 UTC,0x332a173969fe9a464054714ce48b85a43c237d22291aff66e0b815a6c69ff7ee,MEV,0x5758fda2cdf7a2164a5128a8b78e59f7ecb1c34f,0x3328f7f4a1d1c57c35df56bbf0c9dcafca309c49
2026-04-24 05:31:23.000 UTC,0xf06d5ddb452fd9750ed609c7b2ef235998cc46c9c4f136d54feec285fae03eac,MEV,0x9ac57d9ee42e83ac379ef1318931dc4ac8ace1f6,0x3328f7f4a1d1c57c35df56bbf0c9dcafca309c49
2026-04-24 05:31:35.000 UTC,0xe13e5ac2f531bf1b213e9ffa1138c07d600674b8127b6970dfb1ef26e635ddd1,MEV,0x5758fda2cdf7a2164a5128a8b78e59f7ecb1c34f,0x3328f7f4a1d1c57c35df56bbf0c9dcafca309c49
2026-04-24 05:31:47.000 UTC,0x2cd6f1735247848cfce7febad8230a2723372efefda6581b1be04882e0448eba,MEV,0x5638484ba2d2f1d1d35020572b0aa439a9869192,0x3328f7f4a1d1c57c35df56bbf0c9dcafca309c49
2026-04-24 05:32:47.000 UTC,0x6e440336712ed7c1f2c7cdafbf9c2c7238bd01e7fcdc545035a33d6817997f7d,MEV,0xbf08e098db62f4112f35221b355b9669a50bdd3e,0x3328f7f4a1d1c57c35df56bbf0c9dcafca309c49
2026-04-24 05:33:23.000 UTC,0x9938bc8630396b2701ec0e9d2893c0eabd261afe02cab1a6381ee467e105ea94,MEV,0xd8a3312620fe2c08420398a4b3e08fe6ade8ccee,0x3328f7f4a1d1c57c35df56bbf0c9dcafca309c49
2026-04-24 05:34:11.000 UTC,0x4abfa985d44eccf8d562c90dfb1b271a7ddca5073fcbae5864644f41ffe922b7,MEV,0xd8010adc0e55e37b4ce4dc0a3528f89612c177c1,0x3328f7f4a1d1c57c35df56bbf0c9dcafca309c49
2026-04-24 05:34:35.000 UTC,0xee4223d72f42863194944c0179326e78493cff97f0ef1abefbf6766b06afa421,MEV,0x821eab82584665c1b0dc6f142ead8cff27bba325,0x3328f7f4a1d1c57c35df56bbf0c9dcafca309c49
2026-04-24 05:34:35.000 UTC,0x3bb47647f07d9975bee4f5bbf8381ca77c01e9a1e5fcb8eae9f14b779f5c7ddf,MEV,0xdacd833f4909ea55e3c400ef952bb659201d00f1,0x3328f7f4a1d1c57c35df56bbf0c9dcafca309c49
2026-04-24 05:34:47.000 UTC,0x10f4b66afe0d4fea7b48b470cc0db5ea5d3653f026f268ed92b1b5277a2380ea,MEV,0xd8010adc0e55e37b4ce4dc0a3528f89612c177c1,0x3328f7f4a1d1c57c35df56bbf0c9dcafca309c49
2026-04-24 05:34:59.000 UTC,0xc46538b85d1bec415079352c864ac4897dacba26f4a0937f6172c09445f39b37,MEV,0x5638484ba2d2f1d1d35020572b0aa439a9869192,0x3328f7f4a1d1c57c35df56bbf0c9dcafca309c49
